"timestamp","run_id","commit","source_digest","source_dirty","experiment","gpu","gpu_uuid","device","compute_capability","cuda","cuda_driver","cublas_version","compiler","cuda_compiler","cuda_architectures","build_type","kernel","m","n","k","dtype","layout","math_mode","alpha","beta","warmup","iterations","seed","input_hash","block_x","block_y","bm","bn","bk","tm","tn","atol","rtol","min_ms","max_ms","median_ms","mean_ms","std_ms","gflops","speedup_vs_naive","cublas_ratio","max_error","mean_error","relative_error","violations","nonfinite","status"
"2026-10-05T06:52:43Z","20261005T065240Z-4331-1","f7aaec42368ab348050ea2184e937b28b860298c","cc1414e52e4d27fb04e3ffd597dd3313bb6d8956f1ddcbedf9762e801a20dc0c","0","baseline","Tesla T4","1f4259c1a5da4d6c1714a04a189fcdf1","0","7.5","13000","13000","130101","GNU 13.3.0","NVIDIA 13.0.88","native","Release","sgemm_v0_naive","31","33","17","fp32","row-major","fp32_pedantic","1","0","10","50","42","97d676edc3f2c56f","16","16","","","","1","1","0.001","0.001","0.0061440002173185349","0.01228800043463707","0.0077120000496506691","0.0075270399637520314","0.0009541001005697365","4.5101140788472271","1","212.44813087593954","1.1920928955078125e-07","1.7050904392984897e-08","4.5488883775008554e-05","0","0","ok"
"2026-10-05T06:52:43Z","20261005T065240Z-4331-1","f7aaec42368ab348050ea2184e937b28b860298c","cc1414e52e4d27fb04e3ffd597dd3313bb6d8956f1ddcbedf9762e801a20dc0c","0","baseline","Tesla T4","1f4259c1a5da4d6c1714a04a189fcdf1","0","7.5","13000","13000","130101","GNU 13.3.0","NVIDIA 13.0.88","native","Release","cublas","31","33","17","fp32","row-major","fp32_pedantic","1","0","10","50","42","97d676edc3f2c56f","","","","","","","","0.001","0.001","0.014336000196635723","0.030880000442266464","0.016383999958634377","0.0167616000585258","0.0021612394117645783","2.1229248100473699","0.47070312921884755","100","1.1920928955078125e-07","1.7050904392984897e-08","4.5488883775008554e-05","0","0","ok"
"2026-10-05T06:52:59Z","20261005T065256Z-4674-1","f7aaec42368ab348050ea2184e937b28b860298c","cc1414e52e4d27fb04e3ffd597dd3313bb6d8956f1ddcbedf9762e801a20dc0c","0","baseline","Tesla T4","1f4259c1a5da4d6c1714a04a189fcdf1","0","7.5","13000","13000","130101","GNU 13.3.0","NVIDIA 13.0.88","native","Release","sgemm_v0_naive","512","512","512","fp32","row-major","fp32_pedantic","1","0","10","50","42","3760d84e5a172613","16","16","","","","1","1","0.001","0.001","0.69225597381591797","0.69945597648620605","0.69472000002861023","0.69497599720954895","0.0014153566438413637","386.39373558979906","1","13.286504273638101","8.106231689453125e-06","5.3646779773000586e-07","0.068195405803064685","0","0","ok"
"2026-10-05T06:52:59Z","20261005T065256Z-4674-1","f7aaec42368ab348050ea2184e937b28b860298c","cc1414e52e4d27fb04e3ffd597dd3313bb6d8956f1ddcbedf9762e801a20dc0c","0","baseline","Tesla T4","1f4259c1a5da4d6c1714a04a189fcdf1","0","7.5","13000","13000","130101","GNU 13.3.0","NVIDIA 13.0.88","native","Release","cublas","512","512","512","fp32","row-major","fp32_pedantic","1","0","10","50","42","3760d84e5a172613","","","","","","","","0.001","0.001","0.089023999869823456","0.12415999919176102","0.092304002493619919","0.09457216024398804","0.0057901747006866506","2908.1670214523401","7.526434187690068","99.999999999999986","8.106231689453125e-06","5.3646779773000586e-07","0.068195405803064685","0","0","ok"
"2026-10-05T06:52:59Z","20261005T065256Z-4674-1","f7aaec42368ab348050ea2184e937b28b860298c","cc1414e52e4d27fb04e3ffd597dd3313bb6d8956f1ddcbedf9762e801a20dc0c","0","baseline","Tesla T4","1f4259c1a5da4d6c1714a04a189fcdf1","0","7.5","13000","13000","130101","GNU 13.3.0","NVIDIA 13.0.88","native","Release","sgemm_v0_naive","1024","1024","1024","fp32","row-major","fp32_pedantic","1","0","10","50","42","67c6933e2adeaecc","16","16","","","","1","1","0.001","0.001","5.0508480072021484","8.9898242950439453","5.0868480205535889","5.4833695793151858","1.1653743694886844","422.16390962006659","1","9.5030950815172659","2.1457672119140625e-05","1.0697671964242546e-06","0.16864621071309796","0","0","ok"
"2026-10-05T06:52:59Z","20261005T065256Z-4674-1","f7aaec42368ab348050ea2184e937b28b860298c","cc1414e52e4d27fb04e3ffd597dd3313bb6d8956f1ddcbedf9762e801a20dc0c","0","baseline","Tesla T4","1f4259c1a5da4d6c1714a04a189fcdf1","0","7.5","13000","13000","130101","GNU 13.3.0","NVIDIA 13.0.88","native","Release","cublas","1024","1024","1024","fp32","row-major","fp32_pedantic","1","0","10","50","42","67c6933e2adeaecc","","","","","","","","0.001","0.001","0.47337600588798523","0.5119360089302063","0.48340800404548645","0.48360831975936891","0.0069900690909821019","4442.3833077408699","10.522887453214242","100","5.245208740234375e-06","5.3502814909922938e-07","0.055013082430965504","0","0","ok"
"2026-10-05T06:52:59Z","20261005T065256Z-4674-1","f7aaec42368ab348050ea2184e937b28b860298c","cc1414e52e4d27fb04e3ffd597dd3313bb6d8956f1ddcbedf9762e801a20dc0c","0","baseline","Tesla T4","1f4259c1a5da4d6c1714a04a189fcdf1","0","7.5","13000","13000","130101","GNU 13.3.0","NVIDIA 13.0.88","native","Release","sgemm_v0_naive","2048","2048","2048","fp32","row-major","fp32_pedantic","1","0","10","50","42","451256a4b3d1d959","16","16","","","","1","1","0.001","0.001","36.886272430419922","37.969825744628906","37.288751602172852","37.356147842407225","0.26681880264497432","460.72524409744284","1","10.776740539471904","4.00543212890625e-05","2.1426669565787859e-06","1.5782641631688528","0","0","ok"
"2026-10-05T06:52:59Z","20261005T065256Z-4674-1","f7aaec42368ab348050ea2184e937b28b860298c","cc1414e52e4d27fb04e3ffd597dd3313bb6d8956f1ddcbedf9762e801a20dc0c","0","baseline","Tesla T4","1f4259c1a5da4d6c1714a04a189fcdf1","0","7.5","13000","13000","130101","GNU 13.3.0","NVIDIA 13.0.88","native","Release","cublas","2048","2048","2048","fp32","row-major","fp32_pedantic","1","0","10","50","42","451256a4b3d1d959","","","","","","","","0.001","0.001","2.8263680934906006","4.8276481628417969","4.0185120105743408","4.0534745550155638","0.43298914202363342","4275.1817435888634","9.2792435369238575","100","2.6702880859375e-05","1.6044113090622693e-06","4.5969504461797204","0","0","ok"
"2026-10-05T06:52:59Z","20261005T065256Z-4674-1","f7aaec42368ab348050ea2184e937b28b860298c","cc1414e52e4d27fb04e3ffd597dd3313bb6d8956f1ddcbedf9762e801a20dc0c","0","baseline","Tesla T4","1f4259c1a5da4d6c1714a04a189fcdf1","0","7.5","13000","13000","130101","GNU 13.3.0","NVIDIA 13.0.88","native","Release","sgemm_v0_naive","4096","4096","4096","fp32","row-major","fp32_pedantic","1","0","10","50","42","a92f5e0931254f02","16","16","","","","1","1","0.001","0.001","315.90521240234375","329.94509887695312","324.25007629394531","323.81935607910157","3.3169394562733059","423.86714304858401","1","10.688486282834212","9.34600830078125e-05","4.2900193064623588e-06","6.6984208222855735","0","0","ok"
"2026-10-05T06:52:59Z","20261005T065256Z-4674-1","f7aaec42368ab348050ea2184e937b28b860298c","cc1414e52e4d27fb04e3ffd597dd3313bb6d8956f1ddcbedf9762e801a20dc0c","0","baseline","Tesla T4","1f4259c1a5da4d6c1714a04a189fcdf1","0","7.5","13000","13000","130101","GNU 13.3.0","NVIDIA 13.0.88","native","Release","cublas","4096","4096","4096","fp32","row-major","fp32_pedantic","1","0","10","50","42","a92f5e0931254f02","","","","","","","","0.001","0.001","34.079006195068359","35.069438934326172","34.657424926757812","34.733862991333005","0.27423814144386555","3965.642391564068","9.3558617519676979","100","9.34600830078125e-05","4.2900193064623588e-06","6.6984208222855735","0","0","ok"
"2026-10-05T07:08:42Z","20261005T070838Z-9057-1","f7aaec42368ab348050ea2184e937b28b860298c","cc1414e52e4d27fb04e3ffd597dd3313bb6d8956f1ddcbedf9762e801a20dc0c","0","baseline","Tesla T4","1f4259c1a5da4d6c1714a04a189fcdf1","0","7.5","13000","13000","130101","GNU 13.3.0","NVIDIA 13.0.88","native","Release","sgemm_v0_naive","512","512","512","fp32","row-major","fp32_pedantic","1","0","10","50","42","3760d84e5a172613","16","16","","","","1","1","0.001","0.001","0.86425602436065674","0.870464026927948","0.86691200733184814","0.86706175684928899","0.001326740353810195","309.64556232896274","1","12.9747885264195","8.106231689453125e-06","5.3646779773000586e-07","0.068195405803064685","0","0","ok"
"2026-10-05T07:08:42Z","20261005T070838Z-9057-1","f7aaec42368ab348050ea2184e937b28b860298c","cc1414e52e4d27fb04e3ffd597dd3313bb6d8956f1ddcbedf9762e801a20dc0c","0","baseline","Tesla T4","1f4259c1a5da4d6c1714a04a189fcdf1","0","7.5","13000","13000","130101","GNU 13.3.0","NVIDIA 13.0.88","native","Release","cublas","512","512","512","fp32","row-major","fp32_pedantic","1","0","10","50","42","3760d84e5a172613","","","","","","","","0.001","0.001","0.11059200018644333","0.13462400436401367","0.11247999966144562","0.11368512019515037","0.0042511596307978124","2386.5172191319866","7.707254711425791","100","8.106231689453125e-06","5.3646779773000586e-07","0.068195405803064685","0","0","ok"
"2026-10-05T07:08:42Z","20261005T070838Z-9057-1","f7aaec42368ab348050ea2184e937b28b860298c","cc1414e52e4d27fb04e3ffd597dd3313bb6d8956f1ddcbedf9762e801a20dc0c","0","baseline","Tesla T4","1f4259c1a5da4d6c1714a04a189fcdf1","0","7.5","13000","13000","130101","GNU 13.3.0","NVIDIA 13.0.88","native","Release","sgemm_v0_naive","1024","1024","1024","fp32","row-major","fp32_pedantic","1","0","10","50","42","67c6933e2adeaecc","16","16","","","","1","1","0.001","0.001","4.2065920829772949","8.9994239807128906","4.3124480247497559","5.5604979324340817","2.0709876191247338","497.97322441343857","1","9.8045469997928976","2.1457672119140625e-05","1.0697671964242546e-06","0.16864621071309796","0","0","ok"
"2026-10-05T07:08:42Z","20261005T070838Z-9057-1","f7aaec42368ab348050ea2184e937b28b860298c","cc1414e52e4d27fb04e3ffd597dd3313bb6d8956f1ddcbedf9762e801a20dc0c","0","baseline","Tesla T4","1f4259c1a5da4d6c1714a04a189fcdf1","0","7.5","13000","13000","130101","GNU 13.3.0","NVIDIA 13.0.88","native","Release","cublas","1024","1024","1024","fp32","row-major","fp32_pedantic","1","0","10","50","42","67c6933e2adeaecc","","","","","","","","0.001","0.001","0.41094401478767395","0.47737601399421692","0.42281599342823029","0.43892928004264831","0.026817635475079316","5079.0028792146877","10.199349342923473","100","5.245208740234375e-06","5.3502814909922938e-07","0.055013082430965504","0","0","ok"
"2026-10-05T07:08:42Z","20261005T070838Z-9057-1","f7aaec42368ab348050ea2184e937b28b860298c","cc1414e52e4d27fb04e3ffd597dd3313bb6d8956f1ddcbedf9762e801a20dc0c","0","baseline","Tesla T4","1f4259c1a5da4d6c1714a04a189fcdf1","0","7.5","13000","13000","130101","GNU 13.3.0","NVIDIA 13.0.88","native","Release","sgemm_v0_naive","2048","2048","2048","fp32","row-major","fp32_pedantic","1","0","10","50","42","451256a4b3d1d959","16","16","","","","1","1","0.001","0.001","39.650592803955078","40.886688232421875","40.148832321166992","40.155130233764652","0.36479109720832031","427.90457880745259","1","10.539584074738697","4.00543212890625e-05","2.1426669565787859e-06","1.5782641631688528","0","0","ok"
"2026-10-05T07:08:42Z","20261005T070838Z-9057-1","f7aaec42368ab348050ea2184e937b28b860298c","cc1414e52e4d27fb04e3ffd597dd3313bb6d8956f1ddcbedf9762e801a20dc0c","0","baseline","Tesla T4","1f4259c1a5da4d6c1714a04a189fcdf1","0","7.5","13000","13000","130101","GNU 13.3.0","NVIDIA 13.0.88","native","Release","cublas","2048","2048","2048","fp32","row-major","fp32_pedantic","1","0","10","50","42","451256a4b3d1d959","","","","","","","","0.001","0.001","2.905695915222168","4.8250880241394043","4.2315199375152588","4.2731916522979736","0.31778705615724989","4059.9759513570884","9.4880404474100892","100","2.6702880859375e-05","1.6044113090622693e-06","4.5969504461797204","0","0","ok"
"2026-10-05T07:08:42Z","20261005T070838Z-9057-1","f7aaec42368ab348050ea2184e937b28b860298c","cc1414e52e4d27fb04e3ffd597dd3313bb6d8956f1ddcbedf9762e801a20dc0c","0","baseline","Tesla T4","1f4259c1a5da4d6c1714a04a189fcdf1","0","7.5","13000","13000","130101","GNU 13.3.0","NVIDIA 13.0.88","native","Release","sgemm_v0_naive","4096","4096","4096","fp32","row-major","fp32_pedantic","1","0","10","50","42","a92f5e0931254f02","16","16","","","","1","1","0.001","0.001","322.60302734375","336.68692016601562","329.47917175292969","329.19227661132811","4.0559735781705202","417.14003571389003","1","10.491696007923402","9.34600830078125e-05","4.2900193064623588e-06","6.6984208222855735","0","0","ok"
"2026-10-05T07:08:42Z","20261005T070838Z-9057-1","f7aaec42368ab348050ea2184e937b28b860298c","cc1414e52e4d27fb04e3ffd597dd3313bb6d8956f1ddcbedf9762e801a20dc0c","0","baseline","Tesla T4","1f4259c1a5da4d6c1714a04a189fcdf1","0","7.5","13000","13000","130101","GNU 13.3.0","NVIDIA 13.0.88","native","Release","cublas","4096","4096","4096","fp32","row-major","fp32_pedantic","1","0","10","50","42","a92f5e0931254f02","","","","","","","","0.001","0.001","33.936321258544922","35.061790466308594","34.567953109741211","34.62345657348633","0.33801216736432327","3975.9066160405619","9.5313474508296192","100","9.34600830078125e-05","4.2900193064623588e-06","6.6984208222855735","0","0","ok"
"2026-10-05T07:23:58Z","20261005T072355Z-9057-2","f7aaec42368ab348050ea2184e937b28b860298c","cc1414e52e4d27fb04e3ffd597dd3313bb6d8956f1ddcbedf9762e801a20dc0c","0","baseline","Tesla T4","1f4259c1a5da4d6c1714a04a189fcdf1","0","7.5","13000","13000","130101","GNU 13.3.0","NVIDIA 13.0.88","native","Release","sgemm_v0_naive","512","512","512","fp32","row-major","fp32_pedantic","1","0","10","50","42","3760d84e5a172613","16","16","","","","1","1","0.001","0.001","0.71014398336410522","0.71820801496505737","0.71321600675582886","0.71377535939216619","0.0019395495541573509","376.37329148152378","1","12.962131947280659","8.106231689453125e-06","5.3646779773000586e-07","0.068195405803064685","0","0","ok"
"2026-10-05T07:23:58Z","20261005T072355Z-9057-2","f7aaec42368ab348050ea2184e937b28b860298c","cc1414e52e4d27fb04e3ffd597dd3313bb6d8956f1ddcbedf9762e801a20dc0c","0","baseline","Tesla T4","1f4259c1a5da4d6c1714a04a189fcdf1","0","7.5","13000","13000","130101","GNU 13.3.0","NVIDIA 13.0.88","native","Release","cublas","512","512","512","fp32","row-major","fp32_pedantic","1","0","10","50","42","3760d84e5a172613","","","","","","","","0.001","0.001","0.090911999344825745","0.10463999956846237","0.092447999864816666","0.093607040643692019","0.0027683250357007807","2903.6372489672394","7.7147802851196188","100","8.106231689453125e-06","5.3646779773000586e-07","0.068195405803064685","0","0","ok"
"2026-10-05T07:23:58Z","20261005T072355Z-9057-2","f7aaec42368ab348050ea2184e937b28b860298c","cc1414e52e4d27fb04e3ffd597dd3313bb6d8956f1ddcbedf9762e801a20dc0c","0","baseline","Tesla T4","1f4259c1a5da4d6c1714a04a189fcdf1","0","7.5","13000","13000","130101","GNU 13.3.0","NVIDIA 13.0.88","native","Release","sgemm_v0_naive","1024","1024","1024","fp32","row-major","fp32_pedantic","1","0","10","50","42","67c6933e2adeaecc","16","16","","","","1","1","0.001","0.001","4.2592000961303711","9.0153284072875977","4.4305441379547119","5.7214656066894527","2.0659512300359566","484.69975270156107","1","9.4254786310900869","2.1457672119140625e-05","1.0697671964242546e-06","0.16864621071309796","0","0","ok"
"2026-10-05T07:23:58Z","20261005T072355Z-9057-2","f7aaec42368ab348050ea2184e937b28b860298c","cc1414e52e4d27fb04e3ffd597dd3313bb6d8956f1ddcbedf9762e801a20dc0c","0","baseline","Tesla T4","1f4259c1a5da4d6c1714a04a189fcdf1","0","7.5","13000","13000","130101","GNU 13.3.0","NVIDIA 13.0.88","native","Release","cublas","1024","1024","1024","fp32","row-major","fp32_pedantic","1","0","10","50","42","67c6933e2adeaecc","","","","","","","","0.001","0.001","0.41369599103927612","0.4445120096206665","0.41759999096393585","0.42030080199241637","0.0065596970717941823","5142.4417970963459","10.609540789806521","100","5.245208740234375e-06","5.3502814909922938e-07","0.055013082430965504","0","0","ok"
"2026-10-05T07:23:58Z","20261005T072355Z-9057-2","f7aaec42368ab348050ea2184e937b28b860298c","cc1414e52e4d27fb04e3ffd597dd3313bb6d8956f1ddcbedf9762e801a20dc0c","0","baseline","Tesla T4","1f4259c1a5da4d6c1714a04a189fcdf1","0","7.5","13000","13000","130101","GNU 13.3.0","NVIDIA 13.0.88","native","Release","sgemm_v0_naive","2048","2048","2048","fp32","row-major","fp32_pedantic","1","0","10","50","42","451256a4b3d1d959","16","16","","","","1","1","0.001","0.001","40.591487884521484","41.992191314697266","41.0948486328125","41.149215011596681","0.30810553388690298","418.05408112107267","1","10.676569499129657","4.00543212890625e-05","2.1426669565787859e-06","1.5782641631688528","0","0","ok"
"2026-10-05T07:23:58Z","20261005T072355Z-9057-2","f7aaec42368ab348050ea2184e937b28b860298c","cc1414e52e4d27fb04e3ffd597dd3313bb6d8956f1ddcbedf9762e801a20dc0c","0","baseline","Tesla T4","1f4259c1a5da4d6c1714a04a189fcdf1","0","7.5","13000","13000","130101","GNU 13.3.0","NVIDIA 13.0.88","native","Release","cublas","2048","2048","2048","fp32","row-major","fp32_pedantic","1","0","10","50","42","451256a4b3d1d959","","","","","","","","0.001","0.001","2.9818880558013916","4.9364800453186035","4.3875200748443604","4.4012236833572391","0.29940279152711108","3915.6217842739843","9.3663044115576533","100","2.6702880859375e-05","1.6044113090622693e-06","4.5969504461797204","0","0","ok"
"2026-10-05T07:23:58Z","20261005T072355Z-9057-2","f7aaec42368ab348050ea2184e937b28b860298c","cc1414e52e4d27fb04e3ffd597dd3313bb6d8956f1ddcbedf9762e801a20dc0c","0","baseline","Tesla T4","1f4259c1a5da4d6c1714a04a189fcdf1","0","7.5","13000","13000","130101","GNU 13.3.0","NVIDIA 13.0.88","native","Release","sgemm_v0_naive","4096","4096","4096","fp32","row-major","fp32_pedantic","1","0","10","50","42","a92f5e0931254f02","16","16","","","","1","1","0.001","0.001","315.93191528320312","330.43661499023438","324.39399719238281","324.29765747070314","3.4664369613782089","423.67908981525147","1","10.681257683335227","9.34600830078125e-05","4.2900193064623588e-06","6.6984208222855735","0","0","ok"
"2026-10-05T07:23:58Z","20261005T072355Z-9057-2","f7aaec42368ab348050ea2184e937b28b860298c","cc1414e52e4d27fb04e3ffd597dd3313bb6d8956f1ddcbedf9762e801a20dc0c","0","baseline","Tesla T4","1f4259c1a5da4d6c1714a04a189fcdf1","0","7.5","13000","13000","130101","GNU 13.3.0","NVIDIA 13.0.88","native","Release","cublas","4096","4096","4096","fp32","row-major","fp32_pedantic","1","0","10","50","42","a92f5e0931254f02","","","","","","","","0.001","0.001","34.094783782958984","35.053119659423828","34.649358749389648","34.773443756103518","0.25383810007769447","3966.5655709839361","9.3621933825282415","100","9.34600830078125e-05","4.2900193064623588e-06","6.6984208222855735","0","0","ok"
"2026-10-05T07:39:03Z","20261005T073859Z-9057-3","f7aaec42368ab348050ea2184e937b28b860298c","cc1414e52e4d27fb04e3ffd597dd3313bb6d8956f1ddcbedf9762e801a20dc0c","0","baseline","Tesla T4","1f4259c1a5da4d6c1714a04a189fcdf1","0","7.5","13000","13000","130101","GNU 13.3.0","NVIDIA 13.0.88","native","Release","sgemm_v0_naive","512","512","512","fp32","row-major","fp32_pedantic","1","0","10","50","42","3760d84e5a172613","16","16","","","","1","1","0.001","0.001","0.80569601058959961","0.81308799982070923","0.80971202254295349","0.80985023975372317","0.0019893206073921766","331.51966196199101","1","12.599047451387179","8.106231689453125e-06","5.3646779773000586e-07","0.068195405803064685","0","0","ok"
"2026-10-05T07:39:03Z","20261005T073859Z-9057-3","f7aaec42368ab348050ea2184e937b28b860298c","cc1414e52e4d27fb04e3ffd597dd3313bb6d8956f1ddcbedf9762e801a20dc0c","0","baseline","Tesla T4","1f4259c1a5da4d6c1714a04a189fcdf1","0","7.5","13000","13000","130101","GNU 13.3.0","NVIDIA 13.0.88","native","Release","cublas","512","512","512","fp32","row-major","fp32_pedantic","1","0","10","50","42","3760d84e5a172613","","","","","","","","0.001","0.001","0.1003199964761734","0.11881600320339203","0.10201600193977356","0.10285311982035637","0.0036459417041092052","2631.3073527276069","7.9371079746977076","100","8.106231689453125e-06","5.3646779773000586e-07","0.068195405803064685","0","0","ok"
"2026-10-05T07:39:03Z","20261005T073859Z-9057-3","f7aaec42368ab348050ea2184e937b28b860298c","cc1414e52e4d27fb04e3ffd597dd3313bb6d8956f1ddcbedf9762e801a20dc0c","0","baseline","Tesla T4","1f4259c1a5da4d6c1714a04a189fcdf1","0","7.5","13000","13000","130101","GNU 13.3.0","NVIDIA 13.0.88","native","Release","sgemm_v0_naive","1024","1024","1024","fp32","row-major","fp32_pedantic","1","0","10","50","42","67c6933e2adeaecc","16","16","","","","1","1","0.001","0.001","4.3048958778381348","8.9935035705566406","4.3583199977874756","5.5548742294311522","2.0187687024591385","492.73198138048184","1","9.2986289503914055","2.1457672119140625e-05","1.0697671964242546e-06","0.16864621071309796","0","0","ok"
"2026-10-05T07:39:03Z","20261005T073859Z-9057-3","f7aaec42368ab348050ea2184e937b28b860298c","cc1414e52e4d27fb04e3ffd597dd3313bb6d8956f1ddcbedf9762e801a20dc0c","0","baseline","Tesla T4","1f4259c1a5da4d6c1714a04a189fcdf1","0","7.5","13000","13000","130101","GNU 13.3.0","NVIDIA 13.0.88","native","Release","cublas","1024","1024","1024","fp32","row-major","fp32_pedantic","1","0","10","50","42","67c6933e2adeaecc","","","","","","","","0.001","0.001","0.40118399262428284","0.43449598550796509","0.40526400506496429","0.4075027185678482","0.0067088866641381887","5298.9745478524692","10.754273617487522","99.999999999999986","5.245208740234375e-06","5.3502814909922938e-07","0.055013082430965504","0","0","ok"
"2026-10-05T07:39:03Z","20261005T073859Z-9057-3","f7aaec42368ab348050ea2184e937b28b860298c","cc1414e52e4d27fb04e3ffd597dd3313bb6d8956f1ddcbedf9762e801a20dc0c","0","baseline","Tesla T4","1f4259c1a5da4d6c1714a04a189fcdf1","0","7.5","13000","13000","130101","GNU 13.3.0","NVIDIA 13.0.88","native","Release","sgemm_v0_naive","2048","2048","2048","fp32","row-major","fp32_pedantic","1","0","10","50","42","451256a4b3d1d959","16","16","","","","1","1","0.001","0.001","39.769599914550781","41.32012939453125","40.291233062744141","40.408366012573239","0.26300836735032651","426.39224163843249","1","10.51976736644826","4.00543212890625e-05","2.1426669565787859e-06","1.5782641631688528","0","0","ok"
"2026-10-05T07:39:03Z","20261005T073859Z-9057-3","f7aaec42368ab348050ea2184e937b28b860298c","cc1414e52e4d27fb04e3ffd597dd3313bb6d8956f1ddcbedf9762e801a20dc0c","0","baseline","Tesla T4","1f4259c1a5da4d6c1714a04a189fcdf1","0","7.5","13000","13000","130101","GNU 13.3.0","NVIDIA 13.0.88","native","Release","cublas","2048","2048","2048","fp32","row-major","fp32_pedantic","1","0","10","50","42","451256a4b3d1d959","","","","","","","","0.001","0.001","3.0175039768218994","4.9418559074401855","4.2385439872741699","4.258256640434265","0.37054069594388811","4053.2478217946878","9.5059136306511824","100","2.6702880859375e-05","1.6044113090622693e-06","4.5969504461797204","0","0","ok"
"2026-10-05T07:39:03Z","20261005T073859Z-9057-3","f7aaec42368ab348050ea2184e937b28b860298c","cc1414e52e4d27fb04e3ffd597dd3313bb6d8956f1ddcbedf9762e801a20dc0c","0","baseline","Tesla T4","1f4259c1a5da4d6c1714a04a189fcdf1","0","7.5","13000","13000","130101","GNU 13.3.0","NVIDIA 13.0.88","native","Release","sgemm_v0_naive","4096","4096","4096","fp32","row-major","fp32_pedantic","1","0","10","50","42","a92f5e0931254f02","16","16","","","","1","1","0.001","0.001","315.92431640625","325.45828247070312","322.97666931152344","321.5763000488281","3.4714535417311025","425.53833304731631","1","10.630731819504872","9.34600830078125e-05","4.2900193064623588e-06","6.6984208222855735","0","0","ok"
"2026-10-05T07:39:03Z","20261005T073859Z-9057-3","f7aaec42368ab348050ea2184e937b28b860298c","cc1414e52e4d27fb04e3ffd597dd3313bb6d8956f1ddcbedf9762e801a20dc0c","0","baseline","Tesla T4","1f4259c1a5da4d6c1714a04a189fcdf1","0","7.5","13000","13000","130101","GNU 13.3.0","NVIDIA 13.0.88","native","Release","cublas","4096","4096","4096","fp32","row-major","fp32_pedantic","1","0","10","50","42","a92f5e0931254f02","","","","","","","","0.001","0.001","33.552833557128906","34.721790313720703","34.334783554077148","34.192541961669924","0.25153658686729624","4002.9072341619453","9.4066901223605051","100","9.34600830078125e-05","4.2900193064623588e-06","6.6984208222855735","0","0","ok"
