run_id,timestamp,tested_commit,source_digest,source_dirty,build_type,host,compiler,backend,pair,workload,policy,raw,prepare_raw,batch,requests,releases,backing_allocs,backing_frees,intermediate_backing_allocs,output_destroy_backing_frees,peak_payload_bytes,peak_intermediate_bytes,output_live_bytes,reused,inplace,arena_capacity,external_bytes,peak_resident_bytes,prepared_backing_allocs,median_ms,min_ms,max_ms,mean_ms,stddev_ms,prepare_median_ms,prepare_min_ms,prepare_max_ms,prepare_mean_ms,prepare_stddev_ms,checksum,correctness
20261006T024144778921Z-65641,2026-10-06T02:41:44.778787+00:00,4473e3002b93374222974043c73190d904a833dc,b82137fce9b1f29ea23aedbc8f552c878df7689d0c395c9d787c0b7a0acc7802,False,Release,Wafoe-MacBook.local,AppleClang 21.0.0.21000334,cpu,0,chain,dynamic,pair-0/chain-dynamic.csv,pair-0/chain-dynamic-prepare.csv,20,12,11,12,11,11,1,512,512,256,0,0,0,512,1024,0,0.0365281,0.03461045,0.0433625,0.03791125,0.0032878727630490804,0.0,0.0,0.0,0.0,0.0,65.09375,passed
20261006T024144778921Z-65641,2026-10-06T02:41:44.778787+00:00,4473e3002b93374222974043c73190d904a833dc,b82137fce9b1f29ea23aedbc8f552c878df7689d0c395c9d787c0b7a0acc7802,False,Release,Wafoe-MacBook.local,AppleClang 21.0.0.21000334,cpu,0,chain,no_reuse,pair-0/chain-no_reuse.csv,pair-0/chain-no_reuse-prepare.csv,20,12,11,0,0,0,0,512,512,256,0,0,3072,512,3584,1,0.050322900000000004,0.04332085,0.05374375,0.04887666,0.004072587796831396,0.0491255,0.046625,0.064667,0.052596,0.007026386140826592,65.09375,passed
20261006T024144778921Z-65641,2026-10-06T02:41:44.778787+00:00,4473e3002b93374222974043c73190d904a833dc,b82137fce9b1f29ea23aedbc8f552c878df7689d0c395c9d787c0b7a0acc7802,False,Release,Wafoe-MacBook.local,AppleClang 21.0.0.21000334,cpu,0,chain,reuse,pair-0/chain-reuse.csv,pair-0/chain-reuse-prepare.csv,20,12,11,0,0,0,0,512,512,256,10,0,512,512,1024,1,0.040185425,0.03569795,0.0429521,0.04025106,0.002082720024367173,0.040375,0.037916,0.04525,0.0412833,0.0021575621914559024,65.09375,passed
20261006T024144778921Z-65641,2026-10-06T02:41:44.778787+00:00,4473e3002b93374222974043c73190d904a833dc,b82137fce9b1f29ea23aedbc8f552c878df7689d0c395c9d787c0b7a0acc7802,False,Release,Wafoe-MacBook.local,AppleClang 21.0.0.21000334,cpu,0,diamond,dynamic,pair-0/diamond-dynamic.csv,pair-0/diamond-dynamic-prepare.csv,20,5,4,5,4,4,1,768,768,256,0,0,0,768,1536,0,0.01068645,0.01039585,0.01109585,0.01072354,0.00019516681941354717,0.0,0.0,0.0,0.0,0.0,536.0,passed
20261006T024144778921Z-65641,2026-10-06T02:41:44.778787+00:00,4473e3002b93374222974043c73190d904a833dc,b82137fce9b1f29ea23aedbc8f552c878df7689d0c395c9d787c0b7a0acc7802,False,Release,Wafoe-MacBook.local,AppleClang 21.0.0.21000334,cpu,0,diamond,no_reuse,pair-0/diamond-no_reuse.csv,pair-0/diamond-no_reuse-prepare.csv,20,5,4,0,0,0,0,768,768,256,0,0,1280,768,2048,1,0.0157198,0.015591650000000002,0.0174708,0.016187495,0.0006885848362583946,0.017187,0.016041,0.022459,0.0179874,0.0021080779966595165,536.0,passed
20261006T024144778921Z-65641,2026-10-06T02:41:44.778787+00:00,4473e3002b93374222974043c73190d904a833dc,b82137fce9b1f29ea23aedbc8f552c878df7689d0c395c9d787c0b7a0acc7802,False,Release,Wafoe-MacBook.local,AppleClang 21.0.0.21000334,cpu,0,diamond,reuse,pair-0/diamond-reuse.csv,pair-0/diamond-reuse-prepare.csv,20,5,4,0,0,0,0,768,768,256,2,0,768,768,1536,1,0.014844774999999998,0.01424585,0.01568335,0.014867505,0.0003760193907566468,0.0156875,0.014041,0.022625,0.0163916,0.002530565833958879,536.0,passed
20261006T024144778921Z-65641,2026-10-06T02:41:44.778787+00:00,4473e3002b93374222974043c73190d904a833dc,b82137fce9b1f29ea23aedbc8f552c878df7689d0c395c9d787c0b7a0acc7802,False,Release,Wafoe-MacBook.local,AppleClang 21.0.0.21000334,cpu,1,chain,dynamic,pair-1/chain-dynamic.csv,pair-1/chain-dynamic-prepare.csv,20,12,11,12,11,11,1,512,512,256,0,0,0,512,1024,0,0.0171698,0.01672295,0.0181104,0.01729855,0.0004936437141299374,0.0,0.0,0.0,0.0,0.0,65.09375,passed
20261006T024144778921Z-65641,2026-10-06T02:41:44.778787+00:00,4473e3002b93374222974043c73190d904a833dc,b82137fce9b1f29ea23aedbc8f552c878df7689d0c395c9d787c0b7a0acc7802,False,Release,Wafoe-MacBook.local,AppleClang 21.0.0.21000334,cpu,1,chain,no_reuse,pair-1/chain-no_reuse.csv,pair-1/chain-no_reuse-prepare.csv,20,12,11,0,0,0,0,512,512,256,0,0,3072,512,3584,1,0.028375,0.02739375,0.03051665,0.028574574999999998,0.001108089127338139,0.030396,0.029541,0.034083,0.0310252,0.001532445809808622,65.09375,passed
20261006T024144778921Z-65641,2026-10-06T02:41:44.778787+00:00,4473e3002b93374222974043c73190d904a833dc,b82137fce9b1f29ea23aedbc8f552c878df7689d0c395c9d787c0b7a0acc7802,False,Release,Wafoe-MacBook.local,AppleClang 21.0.0.21000334,cpu,1,chain,reuse,pair-1/chain-reuse.csv,pair-1/chain-reuse-prepare.csv,20,12,11,0,0,0,0,512,512,256,10,0,512,512,1024,1,0.0296406,0.02863545,0.03226045,0.030090625,0.0012618205716840257,0.030146,0.028792,0.035042,0.0307418,0.001811509359622521,65.09375,passed
20261006T024144778921Z-65641,2026-10-06T02:41:44.778787+00:00,4473e3002b93374222974043c73190d904a833dc,b82137fce9b1f29ea23aedbc8f552c878df7689d0c395c9d787c0b7a0acc7802,False,Release,Wafoe-MacBook.local,AppleClang 21.0.0.21000334,cpu,1,diamond,dynamic,pair-1/diamond-dynamic.csv,pair-1/diamond-dynamic-prepare.csv,20,5,4,5,4,4,1,768,768,256,0,0,0,768,1536,0,0.007936475,0.00763955,0.00868125,0.00796292,0.0002669224252474863,0.0,0.0,0.0,0.0,0.0,536.0,passed
20261006T024144778921Z-65641,2026-10-06T02:41:44.778787+00:00,4473e3002b93374222974043c73190d904a833dc,b82137fce9b1f29ea23aedbc8f552c878df7689d0c395c9d787c0b7a0acc7802,False,Release,Wafoe-MacBook.local,AppleClang 21.0.0.21000334,cpu,1,diamond,no_reuse,pair-1/diamond-no_reuse.csv,pair-1/diamond-no_reuse-prepare.csv,20,5,4,0,0,0,0,768,768,256,0,0,1280,768,2048,1,0.0133198,0.01293125,0.01368335,0.01329563,0.00020887076650407543,0.013146,0.012083,0.017792,0.0136542,0.0017662700699496664,536.0,passed
20261006T024144778921Z-65641,2026-10-06T02:41:44.778787+00:00,4473e3002b93374222974043c73190d904a833dc,b82137fce9b1f29ea23aedbc8f552c878df7689d0c395c9d787c0b7a0acc7802,False,Release,Wafoe-MacBook.local,AppleClang 21.0.0.21000334,cpu,1,diamond,reuse,pair-1/diamond-reuse.csv,pair-1/diamond-reuse-prepare.csv,20,5,4,0,0,0,0,768,768,256,2,0,768,768,1536,1,0.012769775,0.01257085,0.0143708,0.01291104,0.0005063371914050953,0.014104,0.013167,0.019916,0.0148292,0.001961878630292914,536.0,passed
20261006T024144778921Z-65641,2026-10-06T02:41:44.778787+00:00,4473e3002b93374222974043c73190d904a833dc,b82137fce9b1f29ea23aedbc8f552c878df7689d0c395c9d787c0b7a0acc7802,False,Release,Wafoe-MacBook.local,AppleClang 21.0.0.21000334,cpu,2,chain,dynamic,pair-2/chain-dynamic.csv,pair-2/chain-dynamic-prepare.csv,20,12,11,12,11,11,1,512,512,256,0,0,0,512,1024,0,0.016008324999999997,0.01550835,0.0173125,0.016198955,0.0005613498942059228,0.0,0.0,0.0,0.0,0.0,65.09375,passed
20261006T024144778921Z-65641,2026-10-06T02:41:44.778787+00:00,4473e3002b93374222974043c73190d904a833dc,b82137fce9b1f29ea23aedbc8f552c878df7689d0c395c9d787c0b7a0acc7802,False,Release,Wafoe-MacBook.local,AppleClang 21.0.0.21000334,cpu,2,chain,no_reuse,pair-2/chain-no_reuse.csv,pair-2/chain-no_reuse-prepare.csv,20,12,11,0,0,0,0,512,512,256,0,0,3072,512,3584,1,0.027434375,0.026637499999999998,0.0286771,0.027598755,0.0007960041345527054,0.027625,0.02725,0.035458,0.0292165,0.002584067655848044,65.09375,passed
20261006T024144778921Z-65641,2026-10-06T02:41:44.778787+00:00,4473e3002b93374222974043c73190d904a833dc,b82137fce9b1f29ea23aedbc8f552c878df7689d0c395c9d787c0b7a0acc7802,False,Release,Wafoe-MacBook.local,AppleClang 21.0.0.21000334,cpu,2,chain,reuse,pair-2/chain-reuse.csv,pair-2/chain-reuse-prepare.csv,20,12,11,0,0,0,0,512,512,256,10,0,512,512,1024,1,0.028501025,0.027941700000000003,0.02955835,0.028600215000000002,0.0005296075061071169,0.0258755,0.025666,0.032417,0.0274375,0.00236182388208774,65.09375,passed
20261006T024144778921Z-65641,2026-10-06T02:41:44.778787+00:00,4473e3002b93374222974043c73190d904a833dc,b82137fce9b1f29ea23aedbc8f552c878df7689d0c395c9d787c0b7a0acc7802,False,Release,Wafoe-MacBook.local,AppleClang 21.0.0.21000334,cpu,2,diamond,dynamic,pair-2/diamond-dynamic.csv,pair-2/diamond-dynamic-prepare.csv,20,5,4,5,4,4,1,768,768,256,0,0,0,768,1536,0,0.007559375,0.0072542,0.00822085,0.007587295,0.00028269379410415086,0.0,0.0,0.0,0.0,0.0,536.0,passed
20261006T024144778921Z-65641,2026-10-06T02:41:44.778787+00:00,4473e3002b93374222974043c73190d904a833dc,b82137fce9b1f29ea23aedbc8f552c878df7689d0c395c9d787c0b7a0acc7802,False,Release,Wafoe-MacBook.local,AppleClang 21.0.0.21000334,cpu,2,diamond,no_reuse,pair-2/diamond-no_reuse.csv,pair-2/diamond-no_reuse-prepare.csv,20,5,4,0,0,0,0,768,768,256,0,0,1280,768,2048,1,0.013280199999999999,0.013043750000000002,0.0135958,0.01330854,0.00015740571272987469,0.0134585,0.01175,0.018458,0.0139875,0.0019479955980443073,536.0,passed
20261006T024144778921Z-65641,2026-10-06T02:41:44.778787+00:00,4473e3002b93374222974043c73190d904a833dc,b82137fce9b1f29ea23aedbc8f552c878df7689d0c395c9d787c0b7a0acc7802,False,Release,Wafoe-MacBook.local,AppleClang 21.0.0.21000334,cpu,2,diamond,reuse,pair-2/diamond-reuse.csv,pair-2/diamond-reuse-prepare.csv,20,5,4,0,0,0,0,768,768,256,2,0,768,768,1536,1,0.014074975,0.013758349999999999,0.0146208,0.0141054,0.00024291402285582427,0.0152915,0.014375,0.021125,0.0161167,0.0021179826746222457,536.0,passed
