run_id,timestamp,tested_commit,source_digest,source_dirty,build_type,host,platform,compiler,backend,repeat,workload,policy,algorithm,m,n,k,seed,batch,threads,input_hash,warmup,samples,median_ms,min_ms,max_ms,mean_ms,stddev_ms,gflops,initial_max_abs,final_max_abs,checksum,correctness,raw,correctness_file
20261006T040644002962Z-80817,2026-10-06T04:06:44.002962+00:00,75dc03871a35c5ac32e860513280486d76bdd529,108fe30a3caf9c4b01688c2850ba5860c45e2ff0c2d4eefb09f263fb791c0c78,False,Release,Wafoe-MacBook.local,macOS-26.7-arm64-arm-64bit-Mach-O,AppleClang 21.0.0.21000334,cpu,0,gemm,caller,cpu-ijk-fp32-v0,128,128,128,42,1,1,061da3bf53818185,3,10,0.9793125,0.968416,1.016334,0.9834209,0.012416048988708139,4.282906630927308,1.430511474609375e-06,1.430511474609375e-06,0.5394542813301086,passed,repeat-0-gemm-caller-128.csv,repeat-0-gemm-caller-128.json
20261006T040644002962Z-80817,2026-10-06T04:06:44.002962+00:00,75dc03871a35c5ac32e860513280486d76bdd529,108fe30a3caf9c4b01688c2850ba5860c45e2ff0c2d4eefb09f263fb791c0c78,False,Release,Wafoe-MacBook.local,macOS-26.7-arm64-arm-64bit-Mach-O,AppleClang 21.0.0.21000334,cpu,0,gemm,caller,cpu-ijk-fp32-v0,256,256,256,42,1,1,ac366e91d836b5ca,3,10,9.568812,9.45725,9.842791,9.5804207,0.09791159585059374,3.5066455480575853,3.337860107421875e-06,3.337860107421875e-06,0.44878464937210083,passed,repeat-0-gemm-caller-256.csv,repeat-0-gemm-caller-256.json
20261006T040644002962Z-80817,2026-10-06T04:06:44.002962+00:00,75dc03871a35c5ac32e860513280486d76bdd529,108fe30a3caf9c4b01688c2850ba5860c45e2ff0c2d4eefb09f263fb791c0c78,False,Release,Wafoe-MacBook.local,macOS-26.7-arm64-arm-64bit-Mach-O,AppleClang 21.0.0.21000334,cpu,0,gemm,caller,cpu-ijk-fp32-v0,512,512,512,42,1,1,3760d84e5a172613,3,10,86.993313,86.669042,87.959042,87.0676917,0.3401835595530875,3.085702184948399,8.106231689453125e-06,8.106231689453125e-06,0.30055221915245056,passed,repeat-0-gemm-caller-512.csv,repeat-0-gemm-caller-512.json
20261006T040644002962Z-80817,2026-10-06T04:06:44.002962+00:00,75dc03871a35c5ac32e860513280486d76bdd529,108fe30a3caf9c4b01688c2850ba5860c45e2ff0c2d4eefb09f263fb791c0c78,False,Release,Wafoe-MacBook.local,macOS-26.7-arm64-arm-64bit-Mach-O,AppleClang 21.0.0.21000334,cpu,0,gemm,caller,cpu-ijk-fp32-v0,1024,1024,1024,42,1,1,67c6933e2adeaecc,3,10,1049.8914375,1044.144916,1106.861875,1054.9285874,17.47196475314048,2.045434005170654,2.1457672119140625e-05,2.1457672119140625e-05,-1.7462619543075562,passed,repeat-0-gemm-caller-1024.csv,repeat-0-gemm-caller-1024.json
20261006T040644002962Z-80817,2026-10-06T04:06:44.002962+00:00,75dc03871a35c5ac32e860513280486d76bdd529,108fe30a3caf9c4b01688c2850ba5860c45e2ff0c2d4eefb09f263fb791c0c78,False,Release,Wafoe-MacBook.local,macOS-26.7-arm64-arm-64bit-Mach-O,AppleClang 21.0.0.21000334,cpu,0,graph,dynamic,cpu-ijk-fp32-v0,16,16,16,42,20,1,a3bd402171e4700a,3,10,0.00982915,0.0093396,0.0107583,0.00993333,0.00041837785326185716,,7.152557373046875e-07,7.152557373046875e-07,0.1578325629234314,passed,repeat-0-graph-dynamic-16.csv,repeat-0-graph-dynamic-16.json
20261006T040644002962Z-80817,2026-10-06T04:06:44.002962+00:00,75dc03871a35c5ac32e860513280486d76bdd529,108fe30a3caf9c4b01688c2850ba5860c45e2ff0c2d4eefb09f263fb791c0c78,False,Release,Wafoe-MacBook.local,macOS-26.7-arm64-arm-64bit-Mach-O,AppleClang 21.0.0.21000334,cpu,0,graph,reuse,cpu-ijk-fp32-v0,16,16,16,42,20,1,a3bd402171e4700a,3,10,0.013658324999999999,0.0133021,0.0145208,0.013763325,0.00043336853268898066,,7.152557373046875e-07,7.152557373046875e-07,0.1578325629234314,passed,repeat-0-graph-reuse-16.csv,repeat-0-graph-reuse-16.json
20261006T040644002962Z-80817,2026-10-06T04:06:44.002962+00:00,75dc03871a35c5ac32e860513280486d76bdd529,108fe30a3caf9c4b01688c2850ba5860c45e2ff0c2d4eefb09f263fb791c0c78,False,Release,Wafoe-MacBook.local,macOS-26.7-arm64-arm-64bit-Mach-O,AppleClang 21.0.0.21000334,cpu,1,gemm,caller,cpu-ijk-fp32-v0,1024,1024,1024,42,1,1,67c6933e2adeaecc,3,10,1057.309958,1051.249541,1063.63225,1056.739104,4.272034778355978,2.031082400909346,2.1457672119140625e-05,2.1457672119140625e-05,-1.7462619543075562,passed,repeat-1-gemm-caller-1024.csv,repeat-1-gemm-caller-1024.json
20261006T040644002962Z-80817,2026-10-06T04:06:44.002962+00:00,75dc03871a35c5ac32e860513280486d76bdd529,108fe30a3caf9c4b01688c2850ba5860c45e2ff0c2d4eefb09f263fb791c0c78,False,Release,Wafoe-MacBook.local,macOS-26.7-arm64-arm-64bit-Mach-O,AppleClang 21.0.0.21000334,cpu,1,gemm,caller,cpu-ijk-fp32-v0,512,512,512,42,1,1,3760d84e5a172613,3,10,87.895854,84.697459,89.950083,88.0733709,1.3652599753643606,3.0540172691194285,8.106231689453125e-06,8.106231689453125e-06,0.30055221915245056,passed,repeat-1-gemm-caller-512.csv,repeat-1-gemm-caller-512.json
20261006T040644002962Z-80817,2026-10-06T04:06:44.002962+00:00,75dc03871a35c5ac32e860513280486d76bdd529,108fe30a3caf9c4b01688c2850ba5860c45e2ff0c2d4eefb09f263fb791c0c78,False,Release,Wafoe-MacBook.local,macOS-26.7-arm64-arm-64bit-Mach-O,AppleClang 21.0.0.21000334,cpu,1,gemm,caller,cpu-ijk-fp32-v0,256,256,256,42,1,1,ac366e91d836b5ca,3,10,9.7030835,9.575958,10.001709,9.737646,0.11903863921937298,3.4581205036522666,3.337860107421875e-06,3.337860107421875e-06,0.44878464937210083,passed,repeat-1-gemm-caller-256.csv,repeat-1-gemm-caller-256.json
20261006T040644002962Z-80817,2026-10-06T04:06:44.002962+00:00,75dc03871a35c5ac32e860513280486d76bdd529,108fe30a3caf9c4b01688c2850ba5860c45e2ff0c2d4eefb09f263fb791c0c78,False,Release,Wafoe-MacBook.local,macOS-26.7-arm64-arm-64bit-Mach-O,AppleClang 21.0.0.21000334,cpu,1,gemm,caller,cpu-ijk-fp32-v0,128,128,128,42,1,1,061da3bf53818185,3,10,0.9935210000000001,0.979666,1.007916,0.9935832,0.008977416430131785,4.221656109936276,1.430511474609375e-06,1.430511474609375e-06,0.5394542813301086,passed,repeat-1-gemm-caller-128.csv,repeat-1-gemm-caller-128.json
20261006T040644002962Z-80817,2026-10-06T04:06:44.002962+00:00,75dc03871a35c5ac32e860513280486d76bdd529,108fe30a3caf9c4b01688c2850ba5860c45e2ff0c2d4eefb09f263fb791c0c78,False,Release,Wafoe-MacBook.local,macOS-26.7-arm64-arm-64bit-Mach-O,AppleClang 21.0.0.21000334,cpu,1,graph,reuse,cpu-ijk-fp32-v0,16,16,16,42,20,1,a3bd402171e4700a,3,10,0.014443750000000002,0.013766700000000002,0.015035399999999999,0.014439585000000001,0.00044207877807580804,,7.152557373046875e-07,7.152557373046875e-07,0.1578325629234314,passed,repeat-1-graph-reuse-16.csv,repeat-1-graph-reuse-16.json
20261006T040644002962Z-80817,2026-10-06T04:06:44.002962+00:00,75dc03871a35c5ac32e860513280486d76bdd529,108fe30a3caf9c4b01688c2850ba5860c45e2ff0c2d4eefb09f263fb791c0c78,False,Release,Wafoe-MacBook.local,macOS-26.7-arm64-arm-64bit-Mach-O,AppleClang 21.0.0.21000334,cpu,1,graph,dynamic,cpu-ijk-fp32-v0,16,16,16,42,20,1,a3bd402171e4700a,3,10,0.011227075,0.01071875,0.0119375,0.011198335,0.000342266392631529,,7.152557373046875e-07,7.152557373046875e-07,0.1578325629234314,passed,repeat-1-graph-dynamic-16.csv,repeat-1-graph-dynamic-16.json
20261006T040644002962Z-80817,2026-10-06T04:06:44.002962+00:00,75dc03871a35c5ac32e860513280486d76bdd529,108fe30a3caf9c4b01688c2850ba5860c45e2ff0c2d4eefb09f263fb791c0c78,False,Release,Wafoe-MacBook.local,macOS-26.7-arm64-arm-64bit-Mach-O,AppleClang 21.0.0.21000334,cpu,2,gemm,caller,cpu-ijk-fp32-v0,128,128,128,42,1,1,061da3bf53818185,3,10,0.982792,0.977209,1.009208,0.9856209,0.009163290669295637,4.26774332717401,1.430511474609375e-06,1.430511474609375e-06,0.5394542813301086,passed,repeat-2-gemm-caller-128.csv,repeat-2-gemm-caller-128.json
20261006T040644002962Z-80817,2026-10-06T04:06:44.002962+00:00,75dc03871a35c5ac32e860513280486d76bdd529,108fe30a3caf9c4b01688c2850ba5860c45e2ff0c2d4eefb09f263fb791c0c78,False,Release,Wafoe-MacBook.local,macOS-26.7-arm64-arm-64bit-Mach-O,AppleClang 21.0.0.21000334,cpu,2,gemm,caller,cpu-ijk-fp32-v0,256,256,256,42,1,1,ac366e91d836b5ca,3,10,9.6796875,9.580042,9.835542,9.6777833,0.08568039909109884,3.466478850686037,3.337860107421875e-06,3.337860107421875e-06,0.44878464937210083,passed,repeat-2-gemm-caller-256.csv,repeat-2-gemm-caller-256.json
20261006T040644002962Z-80817,2026-10-06T04:06:44.002962+00:00,75dc03871a35c5ac32e860513280486d76bdd529,108fe30a3caf9c4b01688c2850ba5860c45e2ff0c2d4eefb09f263fb791c0c78,False,Release,Wafoe-MacBook.local,macOS-26.7-arm64-arm-64bit-Mach-O,AppleClang 21.0.0.21000334,cpu,2,gemm,caller,cpu-ijk-fp32-v0,512,512,512,42,1,1,3760d84e5a172613,3,10,88.1194165,87.64925,92.245083,88.6343833,1.329041274484734,3.0462691046076094,8.106231689453125e-06,8.106231689453125e-06,0.30055221915245056,passed,repeat-2-gemm-caller-512.csv,repeat-2-gemm-caller-512.json
20261006T040644002962Z-80817,2026-10-06T04:06:44.002962+00:00,75dc03871a35c5ac32e860513280486d76bdd529,108fe30a3caf9c4b01688c2850ba5860c45e2ff0c2d4eefb09f263fb791c0c78,False,Release,Wafoe-MacBook.local,macOS-26.7-arm64-arm-64bit-Mach-O,AppleClang 21.0.0.21000334,cpu,2,gemm,caller,cpu-ijk-fp32-v0,1024,1024,1024,42,1,1,67c6933e2adeaecc,3,10,1056.951229,1052.898208,1062.065417,1057.8788499,3.0491690011179435,2.0317717498013335,2.1457672119140625e-05,2.1457672119140625e-05,-1.7462619543075562,passed,repeat-2-gemm-caller-1024.csv,repeat-2-gemm-caller-1024.json
20261006T040644002962Z-80817,2026-10-06T04:06:44.002962+00:00,75dc03871a35c5ac32e860513280486d76bdd529,108fe30a3caf9c4b01688c2850ba5860c45e2ff0c2d4eefb09f263fb791c0c78,False,Release,Wafoe-MacBook.local,macOS-26.7-arm64-arm-64bit-Mach-O,AppleClang 21.0.0.21000334,cpu,2,graph,dynamic,cpu-ijk-fp32-v0,16,16,16,42,20,1,a3bd402171e4700a,3,10,0.01055835,0.01031045,0.0115146,0.010644175,0.000346710274040156,,7.152557373046875e-07,7.152557373046875e-07,0.1578325629234314,passed,repeat-2-graph-dynamic-16.csv,repeat-2-graph-dynamic-16.json
20261006T040644002962Z-80817,2026-10-06T04:06:44.002962+00:00,75dc03871a35c5ac32e860513280486d76bdd529,108fe30a3caf9c4b01688c2850ba5860c45e2ff0c2d4eefb09f263fb791c0c78,False,Release,Wafoe-MacBook.local,macOS-26.7-arm64-arm-64bit-Mach-O,AppleClang 21.0.0.21000334,cpu,2,graph,reuse,cpu-ijk-fp32-v0,16,16,16,42,20,1,a3bd402171e4700a,3,10,0.014482275,0.013914550000000001,0.01512915,0.01445832,0.00034770086151748257,,7.152557373046875e-07,7.152557373046875e-07,0.1578325629234314,passed,repeat-2-graph-reuse-16.csv,repeat-2-graph-reuse-16.json
