"sample","ms","batch","requests","releases","backing_allocs","backing_frees","peak_payload_bytes","output_live_bytes","reused","arena_capacity","external_bytes","peak_backing_bytes","prepared_backing_allocs","checksum","correctness"
"0","0.0035520500000000002","20","48","48","48","48","640","0","0","0","0","640","0","336","passed"
"1","0.0032291500000000001","20","48","48","48","48","640","0","0","0","0","640","0","336","passed"
"2","0.0031332999999999999","20","48","48","48","48","640","0","0","0","0","640","0","336","passed"
"3","0.0031375000000000001","20","48","48","48","48","640","0","0","0","0","640","0","336","passed"
"4","0.0031416999999999999","20","48","48","48","48","640","0","0","0","0","640","0","336","passed"
"5","0.0031250000000000002","20","48","48","48","48","640","0","0","0","0","640","0","336","passed"
"6","0.0031270999999999998","20","48","48","48","48","640","0","0","0","0","640","0","336","passed"
"7","0.0031166499999999999","20","48","48","48","48","640","0","0","0","0","640","0","336","passed"
"8","0.0030979499999999999","20","48","48","48","48","640","0","0","0","0","640","0","336","passed"
"9","0.0031062500000000001","20","48","48","48","48","640","0","0","0","0","640","0","336","passed"
