"schema_version","repeat","order","mode","sample","ms","warmup","samples","batch","m","k","n","copies","copy_bytes","backend_dispatches","backend_switches","allocations","peak_live_bytes","live_bytes","cpu_capacity","cuda_capacity","external_bytes","oracle_bytes","workspace_bytes","runtime_tensor_resident_bytes","input_hash","checksum","commit","source_digest","source_dirty","build_type","compiler","cuda_compiler","cuda_architecture","cpu_backend","cuda_backend","timing_boundary","correctness"
"1","1","manual,automatic","manual","0","0.62644100000000003","3","10","5","64","64","64","4","65536","9","2","0","65536","16384","49152","65536","65536","16384","0","311296","4bc396fd55be2a5c","-32.9810791015625","ec116ce078eb7601e7cccc27a03f0c005eac9c7e","b819584a2efee94a6428d05d36b428343ef25779a8cb044a67c02942c96d3dd4","false","Release","GNU 13.3.0","NVIDIA 13.0.88","75","cpu-reference-fp64","cuda-stage0-naive","execute+counts+full_output_check+output_release;synchronous;prepare_oracle_trace_io_excluded","passed"
"1","1","manual,automatic","manual","1","0.67507380000000006","3","10","5","64","64","64","4","65536","9","2","0","65536","16384","49152","65536","65536","16384","0","311296","4bc396fd55be2a5c","-32.9810791015625","ec116ce078eb7601e7cccc27a03f0c005eac9c7e","b819584a2efee94a6428d05d36b428343ef25779a8cb044a67c02942c96d3dd4","false","Release","GNU 13.3.0","NVIDIA 13.0.88","75","cpu-reference-fp64","cuda-stage0-naive","execute+counts+full_output_check+output_release;synchronous;prepare_oracle_trace_io_excluded","passed"
"1","1","manual,automatic","manual","2","0.91425979999999996","3","10","5","64","64","64","4","65536","9","2","0","65536","16384","49152","65536","65536","16384","0","311296","4bc396fd55be2a5c","-32.9810791015625","ec116ce078eb7601e7cccc27a03f0c005eac9c7e","b819584a2efee94a6428d05d36b428343ef25779a8cb044a67c02942c96d3dd4","false","Release","GNU 13.3.0","NVIDIA 13.0.88","75","cpu-reference-fp64","cuda-stage0-naive","execute+counts+full_output_check+output_release;synchronous;prepare_oracle_trace_io_excluded","passed"
"1","1","manual,automatic","manual","3","0.74717940000000005","3","10","5","64","64","64","4","65536","9","2","0","65536","16384","49152","65536","65536","16384","0","311296","4bc396fd55be2a5c","-32.9810791015625","ec116ce078eb7601e7cccc27a03f0c005eac9c7e","b819584a2efee94a6428d05d36b428343ef25779a8cb044a67c02942c96d3dd4","false","Release","GNU 13.3.0","NVIDIA 13.0.88","75","cpu-reference-fp64","cuda-stage0-naive","execute+counts+full_output_check+output_release;synchronous;prepare_oracle_trace_io_excluded","passed"
"1","1","manual,automatic","manual","4","0.88054559999999993","3","10","5","64","64","64","4","65536","9","2","0","65536","16384","49152","65536","65536","16384","0","311296","4bc396fd55be2a5c","-32.9810791015625","ec116ce078eb7601e7cccc27a03f0c005eac9c7e","b819584a2efee94a6428d05d36b428343ef25779a8cb044a67c02942c96d3dd4","false","Release","GNU 13.3.0","NVIDIA 13.0.88","75","cpu-reference-fp64","cuda-stage0-naive","execute+counts+full_output_check+output_release;synchronous;prepare_oracle_trace_io_excluded","passed"
"1","1","manual,automatic","manual","5","0.89740339999999996","3","10","5","64","64","64","4","65536","9","2","0","65536","16384","49152","65536","65536","16384","0","311296","4bc396fd55be2a5c","-32.9810791015625","ec116ce078eb7601e7cccc27a03f0c005eac9c7e","b819584a2efee94a6428d05d36b428343ef25779a8cb044a67c02942c96d3dd4","false","Release","GNU 13.3.0","NVIDIA 13.0.88","75","cpu-reference-fp64","cuda-stage0-naive","execute+counts+full_output_check+output_release;synchronous;prepare_oracle_trace_io_excluded","passed"
"1","1","manual,automatic","manual","6","0.86392340000000001","3","10","5","64","64","64","4","65536","9","2","0","65536","16384","49152","65536","65536","16384","0","311296","4bc396fd55be2a5c","-32.9810791015625","ec116ce078eb7601e7cccc27a03f0c005eac9c7e","b819584a2efee94a6428d05d36b428343ef25779a8cb044a67c02942c96d3dd4","false","Release","GNU 13.3.0","NVIDIA 13.0.88","75","cpu-reference-fp64","cuda-stage0-naive","execute+counts+full_output_check+output_release;synchronous;prepare_oracle_trace_io_excluded","passed"
"1","1","manual,automatic","manual","7","1.1516303999999999","3","10","5","64","64","64","4","65536","9","2","0","65536","16384","49152","65536","65536","16384","0","311296","4bc396fd55be2a5c","-32.9810791015625","ec116ce078eb7601e7cccc27a03f0c005eac9c7e","b819584a2efee94a6428d05d36b428343ef25779a8cb044a67c02942c96d3dd4","false","Release","GNU 13.3.0","NVIDIA 13.0.88","75","cpu-reference-fp64","cuda-stage0-naive","execute+counts+full_output_check+output_release;synchronous;prepare_oracle_trace_io_excluded","passed"
"1","1","manual,automatic","manual","8","0.84353920000000004","3","10","5","64","64","64","4","65536","9","2","0","65536","16384","49152","65536","65536","16384","0","311296","4bc396fd55be2a5c","-32.9810791015625","ec116ce078eb7601e7cccc27a03f0c005eac9c7e","b819584a2efee94a6428d05d36b428343ef25779a8cb044a67c02942c96d3dd4","false","Release","GNU 13.3.0","NVIDIA 13.0.88","75","cpu-reference-fp64","cuda-stage0-naive","execute+counts+full_output_check+output_release;synchronous;prepare_oracle_trace_io_excluded","passed"
"1","1","manual,automatic","manual","9","0.84329660000000006","3","10","5","64","64","64","4","65536","9","2","0","65536","16384","49152","65536","65536","16384","0","311296","4bc396fd55be2a5c","-32.9810791015625","ec116ce078eb7601e7cccc27a03f0c005eac9c7e","b819584a2efee94a6428d05d36b428343ef25779a8cb044a67c02942c96d3dd4","false","Release","GNU 13.3.0","NVIDIA 13.0.88","75","cpu-reference-fp64","cuda-stage0-naive","execute+counts+full_output_check+output_release;synchronous;prepare_oracle_trace_io_excluded","passed"
"1","1","manual,automatic","automatic","0","0.80365959999999992","3","10","5","64","64","64","4","65536","9","2","0","65536","16384","49152","65536","65536","16384","0","311296","4bc396fd55be2a5c","-32.9810791015625","ec116ce078eb7601e7cccc27a03f0c005eac9c7e","b819584a2efee94a6428d05d36b428343ef25779a8cb044a67c02942c96d3dd4","false","Release","GNU 13.3.0","NVIDIA 13.0.88","75","cpu-reference-fp64","cuda-stage0-naive","execute+counts+full_output_check+output_release;synchronous;prepare_oracle_trace_io_excluded","passed"
"1","1","manual,automatic","automatic","1","0.81094179999999993","3","10","5","64","64","64","4","65536","9","2","0","65536","16384","49152","65536","65536","16384","0","311296","4bc396fd55be2a5c","-32.9810791015625","ec116ce078eb7601e7cccc27a03f0c005eac9c7e","b819584a2efee94a6428d05d36b428343ef25779a8cb044a67c02942c96d3dd4","false","Release","GNU 13.3.0","NVIDIA 13.0.88","75","cpu-reference-fp64","cuda-stage0-naive","execute+counts+full_output_check+output_release;synchronous;prepare_oracle_trace_io_excluded","passed"
"1","1","manual,automatic","automatic","2","0.82741799999999999","3","10","5","64","64","64","4","65536","9","2","0","65536","16384","49152","65536","65536","16384","0","311296","4bc396fd55be2a5c","-32.9810791015625","ec116ce078eb7601e7cccc27a03f0c005eac9c7e","b819584a2efee94a6428d05d36b428343ef25779a8cb044a67c02942c96d3dd4","false","Release","GNU 13.3.0","NVIDIA 13.0.88","75","cpu-reference-fp64","cuda-stage0-naive","execute+counts+full_output_check+output_release;synchronous;prepare_oracle_trace_io_excluded","passed"
"1","1","manual,automatic","automatic","3","0.78935","3","10","5","64","64","64","4","65536","9","2","0","65536","16384","49152","65536","65536","16384","0","311296","4bc396fd55be2a5c","-32.9810791015625","ec116ce078eb7601e7cccc27a03f0c005eac9c7e","b819584a2efee94a6428d05d36b428343ef25779a8cb044a67c02942c96d3dd4","false","Release","GNU 13.3.0","NVIDIA 13.0.88","75","cpu-reference-fp64","cuda-stage0-naive","execute+counts+full_output_check+output_release;synchronous;prepare_oracle_trace_io_excluded","passed"
"1","1","manual,automatic","automatic","4","0.81724440000000009","3","10","5","64","64","64","4","65536","9","2","0","65536","16384","49152","65536","65536","16384","0","311296","4bc396fd55be2a5c","-32.9810791015625","ec116ce078eb7601e7cccc27a03f0c005eac9c7e","b819584a2efee94a6428d05d36b428343ef25779a8cb044a67c02942c96d3dd4","false","Release","GNU 13.3.0","NVIDIA 13.0.88","75","cpu-reference-fp64","cuda-stage0-naive","execute+counts+full_output_check+output_release;synchronous;prepare_oracle_trace_io_excluded","passed"
"1","1","manual,automatic","automatic","5","0.79604839999999999","3","10","5","64","64","64","4","65536","9","2","0","65536","16384","49152","65536","65536","16384","0","311296","4bc396fd55be2a5c","-32.9810791015625","ec116ce078eb7601e7cccc27a03f0c005eac9c7e","b819584a2efee94a6428d05d36b428343ef25779a8cb044a67c02942c96d3dd4","false","Release","GNU 13.3.0","NVIDIA 13.0.88","75","cpu-reference-fp64","cuda-stage0-naive","execute+counts+full_output_check+output_release;synchronous;prepare_oracle_trace_io_excluded","passed"
"1","1","manual,automatic","automatic","6","0.6798362","3","10","5","64","64","64","4","65536","9","2","0","65536","16384","49152","65536","65536","16384","0","311296","4bc396fd55be2a5c","-32.9810791015625","ec116ce078eb7601e7cccc27a03f0c005eac9c7e","b819584a2efee94a6428d05d36b428343ef25779a8cb044a67c02942c96d3dd4","false","Release","GNU 13.3.0","NVIDIA 13.0.88","75","cpu-reference-fp64","cuda-stage0-naive","execute+counts+full_output_check+output_release;synchronous;prepare_oracle_trace_io_excluded","passed"
"1","1","manual,automatic","automatic","7","0.77824280000000001","3","10","5","64","64","64","4","65536","9","2","0","65536","16384","49152","65536","65536","16384","0","311296","4bc396fd55be2a5c","-32.9810791015625","ec116ce078eb7601e7cccc27a03f0c005eac9c7e","b819584a2efee94a6428d05d36b428343ef25779a8cb044a67c02942c96d3dd4","false","Release","GNU 13.3.0","NVIDIA 13.0.88","75","cpu-reference-fp64","cuda-stage0-naive","execute+counts+full_output_check+output_release;synchronous;prepare_oracle_trace_io_excluded","passed"
"1","1","manual,automatic","automatic","8","0.64378219999999997","3","10","5","64","64","64","4","65536","9","2","0","65536","16384","49152","65536","65536","16384","0","311296","4bc396fd55be2a5c","-32.9810791015625","ec116ce078eb7601e7cccc27a03f0c005eac9c7e","b819584a2efee94a6428d05d36b428343ef25779a8cb044a67c02942c96d3dd4","false","Release","GNU 13.3.0","NVIDIA 13.0.88","75","cpu-reference-fp64","cuda-stage0-naive","execute+counts+full_output_check+output_release;synchronous;prepare_oracle_trace_io_excluded","passed"
"1","1","manual,automatic","automatic","9","0.61584719999999993","3","10","5","64","64","64","4","65536","9","2","0","65536","16384","49152","65536","65536","16384","0","311296","4bc396fd55be2a5c","-32.9810791015625","ec116ce078eb7601e7cccc27a03f0c005eac9c7e","b819584a2efee94a6428d05d36b428343ef25779a8cb044a67c02942c96d3dd4","false","Release","GNU 13.3.0","NVIDIA 13.0.88","75","cpu-reference-fp64","cuda-stage0-naive","execute+counts+full_output_check+output_release;synchronous;prepare_oracle_trace_io_excluded","passed"
