run_id,timestamp,tested_commit,source_digest,source_dirty,build_type,host,compiler,backend,pair,workload,policy,raw,batch,requests,releases,backing_allocs,backing_frees,peak_payload_bytes,output_live_bytes,reused,arena_capacity,external_bytes,peak_backing_bytes,prepared_backing_allocs,median_ms,min_ms,max_ms,mean_ms,stddev_ms,checksum,correctness
20261005T141047459888Z-39363,2026-10-05T14:10:47.459747+00:00,d5d118d8027edacf0a6a3604c825efe212fc2d9c,793eeb9f8d13e0c20abe2334586911bdb765a4270a0bc27d496f6f9c022fdb21,False,Release,Wafoe-MacBook.local,AppleClang 21.0.0.21000334,cpu,0,synthetic,dynamic,pair-0/synthetic-dynamic.csv,20,48,48,48,48,640,0,0,0,0,640,0,0.00495105,0.0048312500000000005,0.005837500000000001,0.005252085,0.0004050309062590163,336.0,passed
20261005T141047459888Z-39363,2026-10-05T14:10:47.459747+00:00,d5d118d8027edacf0a6a3604c825efe212fc2d9c,793eeb9f8d13e0c20abe2334586911bdb765a4270a0bc27d496f6f9c022fdb21,False,Release,Wafoe-MacBook.local,AppleClang 21.0.0.21000334,cpu,0,synthetic,arena,pair-0/synthetic-arena.csv,20,48,48,0,0,640,0,44,1024,0,1024,1,0.0033281250000000004,0.003275,0.00411875,0.003420625,0.00023971089801049923,336.0,passed
20261005T141047459888Z-39363,2026-10-05T14:10:47.459747+00:00,d5d118d8027edacf0a6a3604c825efe212fc2d9c,793eeb9f8d13e0c20abe2334586911bdb765a4270a0bc27d496f6f9c022fdb21,False,Release,Wafoe-MacBook.local,AppleClang 21.0.0.21000334,cpu,0,chain,dynamic,pair-0/chain-dynamic.csv,20,12,11,12,11,512,256,0,0,512,1024,0,0.02658125,0.022475000000000002,0.03080835,0.0262325,0.002681061327254563,65.09375,passed
20261005T141047459888Z-39363,2026-10-05T14:10:47.459747+00:00,d5d118d8027edacf0a6a3604c825efe212fc2d9c,793eeb9f8d13e0c20abe2334586911bdb765a4270a0bc27d496f6f9c022fdb21,False,Release,Wafoe-MacBook.local,AppleClang 21.0.0.21000334,cpu,0,chain,arena,pair-0/chain-arena.csv,20,12,11,0,0,512,256,10,1024,512,1536,1,0.023914575,0.0205625,0.0274125,0.02354021,0.0025497036102064886,65.09375,passed
20261005T141047459888Z-39363,2026-10-05T14:10:47.459747+00:00,d5d118d8027edacf0a6a3604c825efe212fc2d9c,793eeb9f8d13e0c20abe2334586911bdb765a4270a0bc27d496f6f9c022fdb21,False,Release,Wafoe-MacBook.local,AppleClang 21.0.0.21000334,cpu,0,diamond,dynamic,pair-0/diamond-dynamic.csv,20,5,4,5,4,768,256,0,0,768,1536,0,0.010336475,0.009556249999999999,0.0109625,0.010344785,0.00033061259734771186,536.0,passed
20261005T141047459888Z-39363,2026-10-05T14:10:47.459747+00:00,d5d118d8027edacf0a6a3604c825efe212fc2d9c,793eeb9f8d13e0c20abe2334586911bdb765a4270a0bc27d496f6f9c022fdb21,False,Release,Wafoe-MacBook.local,AppleClang 21.0.0.21000334,cpu,0,diamond,arena,pair-0/diamond-arena.csv,20,5,4,0,0,768,256,2,1024,768,1792,1,0.0094948,0.008952100000000001,0.01028955,0.009541464999999999,0.0003345533373395038,536.0,passed
20261005T141047459888Z-39363,2026-10-05T14:10:47.459747+00:00,d5d118d8027edacf0a6a3604c825efe212fc2d9c,793eeb9f8d13e0c20abe2334586911bdb765a4270a0bc27d496f6f9c022fdb21,False,Release,Wafoe-MacBook.local,AppleClang 21.0.0.21000334,cpu,1,synthetic,dynamic,pair-1/synthetic-dynamic.csv,20,48,48,48,48,640,0,0,0,0,640,0,0.0031301999999999996,0.00309795,0.00355205,0.003176665,0.00012968717371043297,336.0,passed
20261005T141047459888Z-39363,2026-10-05T14:10:47.459747+00:00,d5d118d8027edacf0a6a3604c825efe212fc2d9c,793eeb9f8d13e0c20abe2334586911bdb765a4270a0bc27d496f6f9c022fdb21,False,Release,Wafoe-MacBook.local,AppleClang 21.0.0.21000334,cpu,1,synthetic,arena,pair-1/synthetic-arena.csv,20,48,48,0,0,640,0,44,1024,0,1024,1,0.002328125,0.00230835,0.0024875,0.002346255,5.24355053851873e-05,336.0,passed
20261005T141047459888Z-39363,2026-10-05T14:10:47.459747+00:00,d5d118d8027edacf0a6a3604c825efe212fc2d9c,793eeb9f8d13e0c20abe2334586911bdb765a4270a0bc27d496f6f9c022fdb21,False,Release,Wafoe-MacBook.local,AppleClang 21.0.0.21000334,cpu,1,chain,dynamic,pair-1/chain-dynamic.csv,20,12,11,12,11,512,256,0,0,512,1024,0,0.017884375,0.0170354,0.019829199999999998,0.018131465,0.000995806195263416,65.09375,passed
20261005T141047459888Z-39363,2026-10-05T14:10:47.459747+00:00,d5d118d8027edacf0a6a3604c825efe212fc2d9c,793eeb9f8d13e0c20abe2334586911bdb765a4270a0bc27d496f6f9c022fdb21,False,Release,Wafoe-MacBook.local,AppleClang 21.0.0.21000334,cpu,1,chain,arena,pair-1/chain-arena.csv,20,12,11,0,0,512,256,10,1024,512,1536,1,0.0185354,0.01811665,0.02124165,0.019299365000000002,0.0012817801219495487,65.09375,passed
20261005T141047459888Z-39363,2026-10-05T14:10:47.459747+00:00,d5d118d8027edacf0a6a3604c825efe212fc2d9c,793eeb9f8d13e0c20abe2334586911bdb765a4270a0bc27d496f6f9c022fdb21,False,Release,Wafoe-MacBook.local,AppleClang 21.0.0.21000334,cpu,1,diamond,dynamic,pair-1/diamond-dynamic.csv,20,5,4,5,4,768,256,0,0,768,1536,0,0.008236475,0.00754795,0.00948335,0.00823729,0.0005270733150141447,536.0,passed
20261005T141047459888Z-39363,2026-10-05T14:10:47.459747+00:00,d5d118d8027edacf0a6a3604c825efe212fc2d9c,793eeb9f8d13e0c20abe2334586911bdb765a4270a0bc27d496f6f9c022fdb21,False,Release,Wafoe-MacBook.local,AppleClang 21.0.0.21000334,cpu,1,diamond,arena,pair-1/diamond-arena.csv,20,5,4,0,0,768,256,2,1024,768,1792,1,0.008605225,0.00812085,0.0099521,0.00873647,0.0004493792614262479,536.0,passed
20261005T141047459888Z-39363,2026-10-05T14:10:47.459747+00:00,d5d118d8027edacf0a6a3604c825efe212fc2d9c,793eeb9f8d13e0c20abe2334586911bdb765a4270a0bc27d496f6f9c022fdb21,False,Release,Wafoe-MacBook.local,AppleClang 21.0.0.21000334,cpu,2,synthetic,dynamic,pair-2/synthetic-dynamic.csv,20,48,48,48,48,640,0,0,0,0,640,0,0.003122925,0.00308125,0.00331875,0.003148545,7.476851760600852e-05,336.0,passed
20261005T141047459888Z-39363,2026-10-05T14:10:47.459747+00:00,d5d118d8027edacf0a6a3604c825efe212fc2d9c,793eeb9f8d13e0c20abe2334586911bdb765a4270a0bc27d496f6f9c022fdb21,False,Release,Wafoe-MacBook.local,AppleClang 21.0.0.21000334,cpu,2,synthetic,arena,pair-2/synthetic-arena.csv,20,48,48,0,0,640,0,44,1024,0,1024,1,0.001900025,0.00188125,0.0020583,0.001913745,4.909860206767601e-05,336.0,passed
20261005T141047459888Z-39363,2026-10-05T14:10:47.459747+00:00,d5d118d8027edacf0a6a3604c825efe212fc2d9c,793eeb9f8d13e0c20abe2334586911bdb765a4270a0bc27d496f6f9c022fdb21,False,Release,Wafoe-MacBook.local,AppleClang 21.0.0.21000334,cpu,2,chain,dynamic,pair-2/chain-dynamic.csv,20,12,11,12,11,512,256,0,0,512,1024,0,0.016497925,0.01599375,0.019441649999999998,0.017181675,0.0012410795341657194,65.09375,passed
20261005T141047459888Z-39363,2026-10-05T14:10:47.459747+00:00,d5d118d8027edacf0a6a3604c825efe212fc2d9c,793eeb9f8d13e0c20abe2334586911bdb765a4270a0bc27d496f6f9c022fdb21,False,Release,Wafoe-MacBook.local,AppleClang 21.0.0.21000334,cpu,2,chain,arena,pair-2/chain-arena.csv,20,12,11,0,0,512,256,10,1024,512,1536,1,0.016016675,0.015256249999999999,0.019147900000000002,0.016446875,0.0012521320076673231,65.09375,passed
20261005T141047459888Z-39363,2026-10-05T14:10:47.459747+00:00,d5d118d8027edacf0a6a3604c825efe212fc2d9c,793eeb9f8d13e0c20abe2334586911bdb765a4270a0bc27d496f6f9c022fdb21,False,Release,Wafoe-MacBook.local,AppleClang 21.0.0.21000334,cpu,2,diamond,dynamic,pair-2/diamond-dynamic.csv,20,5,4,5,4,768,256,0,0,768,1536,0,0.007365625,0.0067062499999999995,0.00850415,0.00733333,0.0005754910404167907,536.0,passed
20261005T141047459888Z-39363,2026-10-05T14:10:47.459747+00:00,d5d118d8027edacf0a6a3604c825efe212fc2d9c,793eeb9f8d13e0c20abe2334586911bdb765a4270a0bc27d496f6f9c022fdb21,False,Release,Wafoe-MacBook.local,AppleClang 21.0.0.21000334,cpu,2,diamond,arena,pair-2/diamond-arena.csv,20,5,4,0,0,768,256,2,1024,768,1792,1,0.0076291499999999995,0.0070604,0.0084583,0.007625195,0.0003366654195562711,536.0,passed
