"sample","ms","batch","requests","releases","backing_allocs","backing_frees","intermediate_backing_allocs","output_destroy_backing_frees","peak_payload_bytes","peak_intermediate_bytes","output_live_bytes","reused","inplace","arena_capacity","external_bytes","peak_resident_bytes","prepared_backing_allocs","checksum","correctness"
"0","0.01395625","20","5","4","0","0","0","0","768","768","256","0","0","1280","768","2048","1","536","passed"
"1","0.013329150000000001","20","5","4","0","0","0","0","768","768","256","0","0","1280","768","2048","1","536","passed"
"2","0.01377915","20","5","4","0","0","0","0","768","768","256","0","0","1280","768","2048","1","536","passed"
"3","0.01360835","20","5","4","0","0","0","0","768","768","256","0","0","1280","768","2048","1","536","passed"
"4","0.014043749999999999","20","5","4","0","0","0","0","768","768","256","0","0","1280","768","2048","1","536","passed"
"5","0.013537499999999999","20","5","4","0","0","0","0","768","768","256","0","0","1280","768","2048","1","536","passed"
"6","0.01362085","20","5","4","0","0","0","0","768","768","256","0","0","1280","768","2048","1","536","passed"
"7","0.013041649999999998","20","5","4","0","0","0","0","768","768","256","0","0","1280","768","2048","1","536","passed"
"8","0.013189600000000001","20","5","4","0","0","0","0","768","768","256","0","0","1280","768","2048","1","536","passed"
"9","0.012947900000000002","20","5","4","0","0","0","0","768","768","256","0","0","1280","768","2048","1","536","passed"
