"schema_version","timestamp","run_id","commit","source_digest","source_dirty","experiment","gpu","gpu_uuid","device","compute_capability","cuda","cuda_driver","cublas_version","compiler","cuda_compiler","cuda_architectures","build_type","kernel","m","n","k","dtype","layout","math_mode","alpha","beta","warmup","iterations","seed","input_hash","block_x","block_y","bm","bn","bk","tm","tn","atol","rtol","min_ms","max_ms","median_ms","mean_ms","std_ms","gflops","speedup_vs_naive","cublas_ratio","max_error","mean_error","relative_error","violations","nonfinite","status","threads","vector","shared_bytes","kernel_order","sample_index","elapsed_ms"
"stage9-gemm-v1","2026-10-09T01:26:38Z","20261009T012348389672Z-15438-r0","ec116ce078eb7601e7cccc27a03f0c005eac9c7e","b819584a2efee94a6428d05d36b428343ef25779a8cb044a67c02942c96d3dd4","0","stage9","Tesla T4","831ae4e2a22c4e580a4c865b52fc62c8","0","7.5","13000","13000","130101","GNU 13.3.0","NVIDIA 13.0.88","75","Release","sgemm_v0_naive","1024","1024","1024","fp32","row-major","fp32_pedantic","1","0","10","50","42","67c6933e2adeaecc","16","16","1","1","1","1","1","0.001","0.001","","","","","","","","","2.1457672119140625e-05","1.0697671964242546e-06","0.16864621071309796","0","0","timing_sample","256","1","0","v0,v1,cublas","0","8.9819517135620117"
"stage9-gemm-v1","2026-10-09T01:26:38Z","20261009T012348389672Z-15438-r0","ec116ce078eb7601e7cccc27a03f0c005eac9c7e","b819584a2efee94a6428d05d36b428343ef25779a8cb044a67c02942c96d3dd4","0","stage9","Tesla T4","831ae4e2a22c4e580a4c865b52fc62c8","0","7.5","13000","13000","130101","GNU 13.3.0","NVIDIA 13.0.88","75","Release","sgemm_v0_naive","1024","1024","1024","fp32","row-major","fp32_pedantic","1","0","10","50","42","67c6933e2adeaecc","16","16","1","1","1","1","1","0.001","0.001","","","","","","","","","2.1457672119140625e-05","1.0697671964242546e-06","0.16864621071309796","0","0","timing_sample","256","1","0","v0,v1,cublas","1","8.9746875762939453"
"stage9-gemm-v1","2026-10-09T01:26:38Z","20261009T012348389672Z-15438-r0","ec116ce078eb7601e7cccc27a03f0c005eac9c7e","b819584a2efee94a6428d05d36b428343ef25779a8cb044a67c02942c96d3dd4","0","stage9","Tesla T4","831ae4e2a22c4e580a4c865b52fc62c8","0","7.5","13000","13000","130101","GNU 13.3.0","NVIDIA 13.0.88","75","Release","sgemm_v0_naive","1024","1024","1024","fp32","row-major","fp32_pedantic","1","0","10","50","42","67c6933e2adeaecc","16","16","1","1","1","1","1","0.001","0.001","","","","","","","","","2.1457672119140625e-05","1.0697671964242546e-06","0.16864621071309796","0","0","timing_sample","256","1","0","v0,v1,cublas","2","8.980992317199707"
"stage9-gemm-v1","2026-10-09T01:26:38Z","20261009T012348389672Z-15438-r0","ec116ce078eb7601e7cccc27a03f0c005eac9c7e","b819584a2efee94a6428d05d36b428343ef25779a8cb044a67c02942c96d3dd4","0","stage9","Tesla T4","831ae4e2a22c4e580a4c865b52fc62c8","0","7.5","13000","13000","130101","GNU 13.3.0","NVIDIA 13.0.88","75","Release","sgemm_v0_naive","1024","1024","1024","fp32","row-major","fp32_pedantic","1","0","10","50","42","67c6933e2adeaecc","16","16","1","1","1","1","1","0.001","0.001","","","","","","","","","2.1457672119140625e-05","1.0697671964242546e-06","0.16864621071309796","0","0","timing_sample","256","1","0","v0,v1,cublas","3","8.9784002304077148"
"stage9-gemm-v1","2026-10-09T01:26:38Z","20261009T012348389672Z-15438-r0","ec116ce078eb7601e7cccc27a03f0c005eac9c7e","b819584a2efee94a6428d05d36b428343ef25779a8cb044a67c02942c96d3dd4","0","stage9","Tesla T4","831ae4e2a22c4e580a4c865b52fc62c8","0","7.5","13000","13000","130101","GNU 13.3.0","NVIDIA 13.0.88","75","Release","sgemm_v0_naive","1024","1024","1024","fp32","row-major","fp32_pedantic","1","0","10","50","42","67c6933e2adeaecc","16","16","1","1","1","1","1","0.001","0.001","","","","","","","","","2.1457672119140625e-05","1.0697671964242546e-06","0.16864621071309796","0","0","timing_sample","256","1","0","v0,v1,cublas","4","8.9777278900146484"
"stage9-gemm-v1","2026-10-09T01:26:38Z","20261009T012348389672Z-15438-r0","ec116ce078eb7601e7cccc27a03f0c005eac9c7e","b819584a2efee94a6428d05d36b428343ef25779a8cb044a67c02942c96d3dd4","0","stage9","Tesla T4","831ae4e2a22c4e580a4c865b52fc62c8","0","7.5","13000","13000","130101","GNU 13.3.0","NVIDIA 13.0.88","75","Release","sgemm_v0_naive","1024","1024","1024","fp32","row-major","fp32_pedantic","1","0","10","50","42","67c6933e2adeaecc","16","16","1","1","1","1","1","0.001","0.001","","","","","","","","","2.1457672119140625e-05","1.0697671964242546e-06","0.16864621071309796","0","0","timing_sample","256","1","0","v0,v1,cublas","5","8.9810876846313477"
"stage9-gemm-v1","2026-10-09T01:26:38Z","20261009T012348389672Z-15438-r0","ec116ce078eb7601e7cccc27a03f0c005eac9c7e","b819584a2efee94a6428d05d36b428343ef25779a8cb044a67c02942c96d3dd4","0","stage9","Tesla T4","831ae4e2a22c4e580a4c865b52fc62c8","0","7.5","13000","13000","130101","GNU 13.3.0","NVIDIA 13.0.88","75","Release","sgemm_v0_naive","1024","1024","1024","fp32","row-major","fp32_pedantic","1","0","10","50","42","67c6933e2adeaecc","16","16","1","1","1","1","1","0.001","0.001","","","","","","","","","2.1457672119140625e-05","1.0697671964242546e-06","0.16864621071309796","0","0","timing_sample","256","1","0","v0,v1,cublas","6","8.9784317016601562"
"stage9-gemm-v1","2026-10-09T01:26:38Z","20261009T012348389672Z-15438-r0","ec116ce078eb7601e7cccc27a03f0c005eac9c7e","b819584a2efee94a6428d05d36b428343ef25779a8cb044a67c02942c96d3dd4","0","stage9","Tesla T4","831ae4e2a22c4e580a4c865b52fc62c8","0","7.5","13000","13000","130101","GNU 13.3.0","NVIDIA 13.0.88","75","Release","sgemm_v0_naive","1024","1024","1024","fp32","row-major","fp32_pedantic","1","0","10","50","42","67c6933e2adeaecc","16","16","1","1","1","1","1","0.001","0.001","","","","","","","","","2.1457672119140625e-05","1.0697671964242546e-06","0.16864621071309796","0","0","timing_sample","256","1","0","v0,v1,cublas","7","8.9804477691650391"
"stage9-gemm-v1","2026-10-09T01:26:38Z","20261009T012348389672Z-15438-r0","ec116ce078eb7601e7cccc27a03f0c005eac9c7e","b819584a2efee94a6428d05d36b428343ef25779a8cb044a67c02942c96d3dd4","0","stage9","Tesla T4","831ae4e2a22c4e580a4c865b52fc62c8","0","7.5","13000","13000","130101","GNU 13.3.0","NVIDIA 13.0.88","75","Release","sgemm_v0_naive","1024","1024","1024","fp32","row-major","fp32_pedantic","1","0","10","50","42","67c6933e2adeaecc","16","16","1","1","1","1","1","0.001","0.001","","","","","","","","","2.1457672119140625e-05","1.0697671964242546e-06","0.16864621071309796","0","0","timing_sample","256","1","0","v0,v1,cublas","8","8.9803199768066406"
"stage9-gemm-v1","2026-10-09T01:26:38Z","20261009T012348389672Z-15438-r0","ec116ce078eb7601e7cccc27a03f0c005eac9c7e","b819584a2efee94a6428d05d36b428343ef25779a8cb044a67c02942c96d3dd4","0","stage9","Tesla T4","831ae4e2a22c4e580a4c865b52fc62c8","0","7.5","13000","13000","130101","GNU 13.3.0","NVIDIA 13.0.88","75","Release","sgemm_v0_naive","1024","1024","1024","fp32","row-major","fp32_pedantic","1","0","10","50","42","67c6933e2adeaecc","16","16","1","1","1","1","1","0.001","0.001","","","","","","","","","2.1457672119140625e-05","1.0697671964242546e-06","0.16864621071309796","0","0","timing_sample","256","1","0","v0,v1,cublas","9","8.9798402786254883"
"stage9-gemm-v1","2026-10-09T01:26:38Z","20261009T012348389672Z-15438-r0","ec116ce078eb7601e7cccc27a03f0c005eac9c7e","b819584a2efee94a6428d05d36b428343ef25779a8cb044a67c02942c96d3dd4","0","stage9","Tesla T4","831ae4e2a22c4e580a4c865b52fc62c8","0","7.5","13000","13000","130101","GNU 13.3.0","NVIDIA 13.0.88","75","Release","sgemm_v0_naive","1024","1024","1024","fp32","row-major","fp32_pedantic","1","0","10","50","42","67c6933e2adeaecc","16","16","1","1","1","1","1","0.001","0.001","","","","","","","","","2.1457672119140625e-05","1.0697671964242546e-06","0.16864621071309796","0","0","timing_sample","256","1","0","v0,v1,cublas","10","8.988703727722168"
"stage9-gemm-v1","2026-10-09T01:26:38Z","20261009T012348389672Z-15438-r0","ec116ce078eb7601e7cccc27a03f0c005eac9c7e","b819584a2efee94a6428d05d36b428343ef25779a8cb044a67c02942c96d3dd4","0","stage9","Tesla T4","831ae4e2a22c4e580a4c865b52fc62c8","0","7.5","13000","13000","130101","GNU 13.3.0","NVIDIA 13.0.88","75","Release","sgemm_v0_naive","1024","1024","1024","fp32","row-major","fp32_pedantic","1","0","10","50","42","67c6933e2adeaecc","16","16","1","1","1","1","1","0.001","0.001","","","","","","","","","2.1457672119140625e-05","1.0697671964242546e-06","0.16864621071309796","0","0","timing_sample","256","1","0","v0,v1,cublas","11","4.2557439804077148"
"stage9-gemm-v1","2026-10-09T01:26:38Z","20261009T012348389672Z-15438-r0","ec116ce078eb7601e7cccc27a03f0c005eac9c7e","b819584a2efee94a6428d05d36b428343ef25779a8cb044a67c02942c96d3dd4","0","stage9","Tesla T4","831ae4e2a22c4e580a4c865b52fc62c8","0","7.5","13000","13000","130101","GNU 13.3.0","NVIDIA 13.0.88","75","Release","sgemm_v0_naive","1024","1024","1024","fp32","row-major","fp32_pedantic","1","0","10","50","42","67c6933e2adeaecc","16","16","1","1","1","1","1","0.001","0.001","","","","","","","","","2.1457672119140625e-05","1.0697671964242546e-06","0.16864621071309796","0","0","timing_sample","256","1","0","v0,v1,cublas","12","4.2248320579528809"
"stage9-gemm-v1","2026-10-09T01:26:38Z","20261009T012348389672Z-15438-r0","ec116ce078eb7601e7cccc27a03f0c005eac9c7e","b819584a2efee94a6428d05d36b428343ef25779a8cb044a67c02942c96d3dd4","0","stage9","Tesla T4","831ae4e2a22c4e580a4c865b52fc62c8","0","7.5","13000","13000","130101","GNU 13.3.0","NVIDIA 13.0.88","75","Release","sgemm_v0_naive","1024","1024","1024","fp32","row-major","fp32_pedantic","1","0","10","50","42","67c6933e2adeaecc","16","16","1","1","1","1","1","0.001","0.001","","","","","","","","","2.1457672119140625e-05","1.0697671964242546e-06","0.16864621071309796","0","0","timing_sample","256","1","0","v0,v1,cublas","13","4.1209921836853027"
"stage9-gemm-v1","2026-10-09T01:26:38Z","20261009T012348389672Z-15438-r0","ec116ce078eb7601e7cccc27a03f0c005eac9c7e","b819584a2efee94a6428d05d36b428343ef25779a8cb044a67c02942c96d3dd4","0","stage9","Tesla T4","831ae4e2a22c4e580a4c865b52fc62c8","0","7.5","13000","13000","130101","GNU 13.3.0","NVIDIA 13.0.88","75","Release","sgemm_v0_naive","1024","1024","1024","fp32","row-major","fp32_pedantic","1","0","10","50","42","67c6933e2adeaecc","16","16","1","1","1","1","1","0.001","0.001","","","","","","","","","2.1457672119140625e-05","1.0697671964242546e-06","0.16864621071309796","0","0","timing_sample","256","1","0","v0,v1,cublas","14","4.118527889251709"
"stage9-gemm-v1","2026-10-09T01:26:38Z","20261009T012348389672Z-15438-r0","ec116ce078eb7601e7cccc27a03f0c005eac9c7e","b819584a2efee94a6428d05d36b428343ef25779a8cb044a67c02942c96d3dd4","0","stage9","Tesla T4","831ae4e2a22c4e580a4c865b52fc62c8","0","7.5","13000","13000","130101","GNU 13.3.0","NVIDIA 13.0.88","75","Release","sgemm_v0_naive","1024","1024","1024","fp32","row-major","fp32_pedantic","1","0","10","50","42","67c6933e2adeaecc","16","16","1","1","1","1","1","0.001","0.001","","","","","","","","","2.1457672119140625e-05","1.0697671964242546e-06","0.16864621071309796","0","0","timing_sample","256","1","0","v0,v1,cublas","15","4.1146559715270996"
"stage9-gemm-v1","2026-10-09T01:26:38Z","20261009T012348389672Z-15438-r0","ec116ce078eb7601e7cccc27a03f0c005eac9c7e","b819584a2efee94a6428d05d36b428343ef25779a8cb044a67c02942c96d3dd4","0","stage9","Tesla T4","831ae4e2a22c4e580a4c865b52fc62c8","0","7.5","13000","13000","130101","GNU 13.3.0","NVIDIA 13.0.88","75","Release","sgemm_v0_naive","1024","1024","1024","fp32","row-major","fp32_pedantic","1","0","10","50","42","67c6933e2adeaecc","16","16","1","1","1","1","1","0.001","0.001","","","","","","","","","2.1457672119140625e-05","1.0697671964242546e-06","0.16864621071309796","0","0","timing_sample","256","1","0","v0,v1,cublas","16","4.1144318580627441"
"stage9-gemm-v1","2026-10-09T01:26:38Z","20261009T012348389672Z-15438-r0","ec116ce078eb7601e7cccc27a03f0c005eac9c7e","b819584a2efee94a6428d05d36b428343ef25779a8cb044a67c02942c96d3dd4","0","stage9","Tesla T4","831ae4e2a22c4e580a4c865b52fc62c8","0","7.5","13000","13000","130101","GNU 13.3.0","NVIDIA 13.0.88","75","Release","sgemm_v0_naive","1024","1024","1024","fp32","row-major","fp32_pedantic","1","0","10","50","42","67c6933e2adeaecc","16","16","1","1","1","1","1","0.001","0.001","","","","","","","","","2.1457672119140625e-05","1.0697671964242546e-06","0.16864621071309796","0","0","timing_sample","256","1","0","v0,v1,cublas","17","4.0563521385192871"
"stage9-gemm-v1","2026-10-09T01:26:38Z","20261009T012348389672Z-15438-r0","ec116ce078eb7601e7cccc27a03f0c005eac9c7e","b819584a2efee94a6428d05d36b428343ef25779a8cb044a67c02942c96d3dd4","0","stage9","Tesla T4","831ae4e2a22c4e580a4c865b52fc62c8","0","7.5","13000","13000","130101","GNU 13.3.0","NVIDIA 13.0.88","75","Release","sgemm_v0_naive","1024","1024","1024","fp32","row-major","fp32_pedantic","1","0","10","50","42","67c6933e2adeaecc","16","16","1","1","1","1","1","0.001","0.001","","","","","","","","","2.1457672119140625e-05","1.0697671964242546e-06","0.16864621071309796","0","0","timing_sample","256","1","0","v0,v1,cublas","18","4.0304641723632812"
"stage9-gemm-v1","2026-10-09T01:26:38Z","20261009T012348389672Z-15438-r0","ec116ce078eb7601e7cccc27a03f0c005eac9c7e","b819584a2efee94a6428d05d36b428343ef25779a8cb044a67c02942c96d3dd4","0","stage9","Tesla T4","831ae4e2a22c4e580a4c865b52fc62c8","0","7.5","13000","13000","130101","GNU 13.3.0","NVIDIA 13.0.88","75","Release","sgemm_v0_naive","1024","1024","1024","fp32","row-major","fp32_pedantic","1","0","10","50","42","67c6933e2adeaecc","16","16","1","1","1","1","1","0.001","0.001","","","","","","","","","2.1457672119140625e-05","1.0697671964242546e-06","0.16864621071309796","0","0","timing_sample","256","1","0","v0,v1,cublas","19","4.0260801315307617"
"stage9-gemm-v1","2026-10-09T01:26:38Z","20261009T012348389672Z-15438-r0","ec116ce078eb7601e7cccc27a03f0c005eac9c7e","b819584a2efee94a6428d05d36b428343ef25779a8cb044a67c02942c96d3dd4","0","stage9","Tesla T4","831ae4e2a22c4e580a4c865b52fc62c8","0","7.5","13000","13000","130101","GNU 13.3.0","NVIDIA 13.0.88","75","Release","sgemm_v0_naive","1024","1024","1024","fp32","row-major","fp32_pedantic","1","0","10","50","42","67c6933e2adeaecc","16","16","1","1","1","1","1","0.001","0.001","","","","","","","","","2.1457672119140625e-05","1.0697671964242546e-06","0.16864621071309796","0","0","timing_sample","256","1","0","v0,v1,cublas","20","4.0269122123718262"
"stage9-gemm-v1","2026-10-09T01:26:38Z","20261009T012348389672Z-15438-r0","ec116ce078eb7601e7cccc27a03f0c005eac9c7e","b819584a2efee94a6428d05d36b428343ef25779a8cb044a67c02942c96d3dd4","0","stage9","Tesla T4","831ae4e2a22c4e580a4c865b52fc62c8","0","7.5","13000","13000","130101","GNU 13.3.0","NVIDIA 13.0.88","75","Release","sgemm_v0_naive","1024","1024","1024","fp32","row-major","fp32_pedantic","1","0","10","50","42","67c6933e2adeaecc","16","16","1","1","1","1","1","0.001","0.001","","","","","","","","","2.1457672119140625e-05","1.0697671964242546e-06","0.16864621071309796","0","0","timing_sample","256","1","0","v0,v1,cublas","21","4.0158720016479492"
"stage9-gemm-v1","2026-10-09T01:26:38Z","20261009T012348389672Z-15438-r0","ec116ce078eb7601e7cccc27a03f0c005eac9c7e","b819584a2efee94a6428d05d36b428343ef25779a8cb044a67c02942c96d3dd4","0","stage9","Tesla T4","831ae4e2a22c4e580a4c865b52fc62c8","0","7.5","13000","13000","130101","GNU 13.3.0","NVIDIA 13.0.88","75","Release","sgemm_v0_naive","1024","1024","1024","fp32","row-major","fp32_pedantic","1","0","10","50","42","67c6933e2adeaecc","16","16","1","1","1","1","1","0.001","0.001","","","","","","","","","2.1457672119140625e-05","1.0697671964242546e-06","0.16864621071309796","0","0","timing_sample","256","1","0","v0,v1,cublas","22","4.0453119277954102"
"stage9-gemm-v1","2026-10-09T01:26:38Z","20261009T012348389672Z-15438-r0","ec116ce078eb7601e7cccc27a03f0c005eac9c7e","b819584a2efee94a6428d05d36b428343ef25779a8cb044a67c02942c96d3dd4","0","stage9","Tesla T4","831ae4e2a22c4e580a4c865b52fc62c8","0","7.5","13000","13000","130101","GNU 13.3.0","NVIDIA 13.0.88","75","Release","sgemm_v0_naive","1024","1024","1024","fp32","row-major","fp32_pedantic","1","0","10","50","42","67c6933e2adeaecc","16","16","1","1","1","1","1","0.001","0.001","","","","","","","","","2.1457672119140625e-05","1.0697671964242546e-06","0.16864621071309796","0","0","timing_sample","256","1","0","v0,v1,cublas","23","4.0635199546813965"
"stage9-gemm-v1","2026-10-09T01:26:38Z","20261009T012348389672Z-15438-r0","ec116ce078eb7601e7cccc27a03f0c005eac9c7e","b819584a2efee94a6428d05d36b428343ef25779a8cb044a67c02942c96d3dd4","0","stage9","Tesla T4","831ae4e2a22c4e580a4c865b52fc62c8","0","7.5","13000","13000","130101","GNU 13.3.0","NVIDIA 13.0.88","75","Release","sgemm_v0_naive","1024","1024","1024","fp32","row-major","fp32_pedantic","1","0","10","50","42","67c6933e2adeaecc","16","16","1","1","1","1","1","0.001","0.001","","","","","","","","","2.1457672119140625e-05","1.0697671964242546e-06","0.16864621071309796","0","0","timing_sample","256","1","0","v0,v1,cublas","24","4.0673279762268066"
"stage9-gemm-v1","2026-10-09T01:26:38Z","20261009T012348389672Z-15438-r0","ec116ce078eb7601e7cccc27a03f0c005eac9c7e","b819584a2efee94a6428d05d36b428343ef25779a8cb044a67c02942c96d3dd4","0","stage9","Tesla T4","831ae4e2a22c4e580a4c865b52fc62c8","0","7.5","13000","13000","130101","GNU 13.3.0","NVIDIA 13.0.88","75","Release","sgemm_v0_naive","1024","1024","1024","fp32","row-major","fp32_pedantic","1","0","10","50","42","67c6933e2adeaecc","16","16","1","1","1","1","1","0.001","0.001","","","","","","","","","2.1457672119140625e-05","1.0697671964242546e-06","0.16864621071309796","0","0","timing_sample","256","1","0","v0,v1,cublas","25","4.0652799606323242"
"stage9-gemm-v1","2026-10-09T01:26:38Z","20261009T012348389672Z-15438-r0","ec116ce078eb7601e7cccc27a03f0c005eac9c7e","b819584a2efee94a6428d05d36b428343ef25779a8cb044a67c02942c96d3dd4","0","stage9","Tesla T4","831ae4e2a22c4e580a4c865b52fc62c8","0","7.5","13000","13000","130101","GNU 13.3.0","NVIDIA 13.0.88","75","Release","sgemm_v0_naive","1024","1024","1024","fp32","row-major","fp32_pedantic","1","0","10","50","42","67c6933e2adeaecc","16","16","1","1","1","1","1","0.001","0.001","","","","","","","","","2.1457672119140625e-05","1.0697671964242546e-06","0.16864621071309796","0","0","timing_sample","256","1","0","v0,v1,cublas","26","4.067296028137207"
"stage9-gemm-v1","2026-10-09T01:26:38Z","20261009T012348389672Z-15438-r0","ec116ce078eb7601e7cccc27a03f0c005eac9c7e","b819584a2efee94a6428d05d36b428343ef25779a8cb044a67c02942c96d3dd4","0","stage9","Tesla T4","831ae4e2a22c4e580a4c865b52fc62c8","0","7.5","13000","13000","130101","GNU 13.3.0","NVIDIA 13.0.88","75","Release","sgemm_v0_naive","1024","1024","1024","fp32","row-major","fp32_pedantic","1","0","10","50","42","67c6933e2adeaecc","16","16","1","1","1","1","1","0.001","0.001","","","","","","","","","2.1457672119140625e-05","1.0697671964242546e-06","0.16864621071309796","0","0","timing_sample","256","1","0","v0,v1,cublas","27","4.0673279762268066"
"stage9-gemm-v1","2026-10-09T01:26:38Z","20261009T012348389672Z-15438-r0","ec116ce078eb7601e7cccc27a03f0c005eac9c7e","b819584a2efee94a6428d05d36b428343ef25779a8cb044a67c02942c96d3dd4","0","stage9","Tesla T4","831ae4e2a22c4e580a4c865b52fc62c8","0","7.5","13000","13000","130101","GNU 13.3.0","NVIDIA 13.0.88","75","Release","sgemm_v0_naive","1024","1024","1024","fp32","row-major","fp32_pedantic","1","0","10","50","42","67c6933e2adeaecc","16","16","1","1","1","1","1","0.001","0.001","","","","","","","","","2.1457672119140625e-05","1.0697671964242546e-06","0.16864621071309796","0","0","timing_sample","256","1","0","v0,v1,cublas","28","4.0661759376525879"
"stage9-gemm-v1","2026-10-09T01:26:38Z","20261009T012348389672Z-15438-r0","ec116ce078eb7601e7cccc27a03f0c005eac9c7e","b819584a2efee94a6428d05d36b428343ef25779a8cb044a67c02942c96d3dd4","0","stage9","Tesla T4","831ae4e2a22c4e580a4c865b52fc62c8","0","7.5","13000","13000","130101","GNU 13.3.0","NVIDIA 13.0.88","75","Release","sgemm_v0_naive","1024","1024","1024","fp32","row-major","fp32_pedantic","1","0","10","50","42","67c6933e2adeaecc","16","16","1","1","1","1","1","0.001","0.001","","","","","","","","","2.1457672119140625e-05","1.0697671964242546e-06","0.16864621071309796","0","0","timing_sample","256","1","0","v0,v1,cublas","29","4.0674881935119629"
"stage9-gemm-v1","2026-10-09T01:26:38Z","20261009T012348389672Z-15438-r0","ec116ce078eb7601e7cccc27a03f0c005eac9c7e","b819584a2efee94a6428d05d36b428343ef25779a8cb044a67c02942c96d3dd4","0","stage9","Tesla T4","831ae4e2a22c4e580a4c865b52fc62c8","0","7.5","13000","13000","130101","GNU 13.3.0","NVIDIA 13.0.88","75","Release","sgemm_v0_naive","1024","1024","1024","fp32","row-major","fp32_pedantic","1","0","10","50","42","67c6933e2adeaecc","16","16","1","1","1","1","1","0.001","0.001","","","","","","","","","2.1457672119140625e-05","1.0697671964242546e-06","0.16864621071309796","0","0","timing_sample","256","1","0","v0,v1,cublas","30","4.0672640800476074"
"stage9-gemm-v1","2026-10-09T01:26:38Z","20261009T012348389672Z-15438-r0","ec116ce078eb7601e7cccc27a03f0c005eac9c7e","b819584a2efee94a6428d05d36b428343ef25779a8cb044a67c02942c96d3dd4","0","stage9","Tesla T4","831ae4e2a22c4e580a4c865b52fc62c8","0","7.5","13000","13000","130101","GNU 13.3.0","NVIDIA 13.0.88","75","Release","sgemm_v0_naive","1024","1024","1024","fp32","row-major","fp32_pedantic","1","0","10","50","42","67c6933e2adeaecc","16","16","1","1","1","1","1","0.001","0.001","","","","","","","","","2.1457672119140625e-05","1.0697671964242546e-06","0.16864621071309796","0","0","timing_sample","256","1","0","v0,v1,cublas","31","4.0552639961242676"
"stage9-gemm-v1","2026-10-09T01:26:38Z","20261009T012348389672Z-15438-r0","ec116ce078eb7601e7cccc27a03f0c005eac9c7e","b819584a2efee94a6428d05d36b428343ef25779a8cb044a67c02942c96d3dd4","0","stage9","Tesla T4","831ae4e2a22c4e580a4c865b52fc62c8","0","7.5","13000","13000","130101","GNU 13.3.0","NVIDIA 13.0.88","75","Release","sgemm_v0_naive","1024","1024","1024","fp32","row-major","fp32_pedantic","1","0","10","50","42","67c6933e2adeaecc","16","16","1","1","1","1","1","0.001","0.001","","","","","","","","","2.1457672119140625e-05","1.0697671964242546e-06","0.16864621071309796","0","0","timing_sample","256","1","0","v0,v1,cublas","32","4.1369600296020508"
"stage9-gemm-v1","2026-10-09T01:26:38Z","20261009T012348389672Z-15438-r0","ec116ce078eb7601e7cccc27a03f0c005eac9c7e","b819584a2efee94a6428d05d36b428343ef25779a8cb044a67c02942c96d3dd4","0","stage9","Tesla T4","831ae4e2a22c4e580a4c865b52fc62c8","0","7.5","13000","13000","130101","GNU 13.3.0","NVIDIA 13.0.88","75","Release","sgemm_v0_naive","1024","1024","1024","fp32","row-major","fp32_pedantic","1","0","10","50","42","67c6933e2adeaecc","16","16","1","1","1","1","1","0.001","0.001","","","","","","","","","2.1457672119140625e-05","1.0697671964242546e-06","0.16864621071309796","0","0","timing_sample","256","1","0","v0,v1,cublas","33","4.1608638763427734"
"stage9-gemm-v1","2026-10-09T01:26:38Z","20261009T012348389672Z-15438-r0","ec116ce078eb7601e7cccc27a03f0c005eac9c7e","b819584a2efee94a6428d05d36b428343ef25779a8cb044a67c02942c96d3dd4","0","stage9","Tesla T4","831ae4e2a22c4e580a4c865b52fc62c8","0","7.5","13000","13000","130101","GNU 13.3.0","NVIDIA 13.0.88","75","Release","sgemm_v0_naive","1024","1024","1024","fp32","row-major","fp32_pedantic","1","0","10","50","42","67c6933e2adeaecc","16","16","1","1","1","1","1","0.001","0.001","","","","","","","","","2.1457672119140625e-05","1.0697671964242546e-06","0.16864621071309796","0","0","timing_sample","256","1","0","v0,v1,cublas","34","4.1594882011413574"
"stage9-gemm-v1","2026-10-09T01:26:38Z","20261009T012348389672Z-15438-r0","ec116ce078eb7601e7cccc27a03f0c005eac9c7e","b819584a2efee94a6428d05d36b428343ef25779a8cb044a67c02942c96d3dd4","0","stage9","Tesla T4","831ae4e2a22c4e580a4c865b52fc62c8","0","7.5","13000","13000","130101","GNU 13.3.0","NVIDIA 13.0.88","75","Release","sgemm_v0_naive","1024","1024","1024","fp32","row-major","fp32_pedantic","1","0","10","50","42","67c6933e2adeaecc","16","16","1","1","1","1","1","0.001","0.001","","","","","","","","","2.1457672119140625e-05","1.0697671964242546e-06","0.16864621071309796","0","0","timing_sample","256","1","0","v0,v1,cublas","35","4.1584959030151367"
"stage9-gemm-v1","2026-10-09T01:26:38Z","20261009T012348389672Z-15438-r0","ec116ce078eb7601e7cccc27a03f0c005eac9c7e","b819584a2efee94a6428d05d36b428343ef25779a8cb044a67c02942c96d3dd4","0","stage9","Tesla T4","831ae4e2a22c4e580a4c865b52fc62c8","0","7.5","13000","13000","130101","GNU 13.3.0","NVIDIA 13.0.88","75","Release","sgemm_v0_naive","1024","1024","1024","fp32","row-major","fp32_pedantic","1","0","10","50","42","67c6933e2adeaecc","16","16","1","1","1","1","1","0.001","0.001","","","","","","","","","2.1457672119140625e-05","1.0697671964242546e-06","0.16864621071309796","0","0","timing_sample","256","1","0","v0,v1,cublas","36","4.157440185546875"
"stage9-gemm-v1","2026-10-09T01:26:38Z","20261009T012348389672Z-15438-r0","ec116ce078eb7601e7cccc27a03f0c005eac9c7e","b819584a2efee94a6428d05d36b428343ef25779a8cb044a67c02942c96d3dd4","0","stage9","Tesla T4","831ae4e2a22c4e580a4c865b52fc62c8","0","7.5","13000","13000","130101","GNU 13.3.0","NVIDIA 13.0.88","75","Release","sgemm_v0_naive","1024","1024","1024","fp32","row-major","fp32_pedantic","1","0","10","50","42","67c6933e2adeaecc","16","16","1","1","1","1","1","0.001","0.001","","","","","","","","","2.1457672119140625e-05","1.0697671964242546e-06","0.16864621071309796","0","0","timing_sample","256","1","0","v0,v1,cublas","37","4.1589441299438477"
"stage9-gemm-v1","2026-10-09T01:26:38Z","20261009T012348389672Z-15438-r0","ec116ce078eb7601e7cccc27a03f0c005eac9c7e","b819584a2efee94a6428d05d36b428343ef25779a8cb044a67c02942c96d3dd4","0","stage9","Tesla T4","831ae4e2a22c4e580a4c865b52fc62c8","0","7.5","13000","13000","130101","GNU 13.3.0","NVIDIA 13.0.88","75","Release","sgemm_v0_naive","1024","1024","1024","fp32","row-major","fp32_pedantic","1","0","10","50","42","67c6933e2adeaecc","16","16","1","1","1","1","1","0.001","0.001","","","","","","","","","2.1457672119140625e-05","1.0697671964242546e-06","0.16864621071309796","0","0","timing_sample","256","1","0","v0,v1,cublas","38","4.1572160720825195"
"stage9-gemm-v1","2026-10-09T01:26:38Z","20261009T012348389672Z-15438-r0","ec116ce078eb7601e7cccc27a03f0c005eac9c7e","b819584a2efee94a6428d05d36b428343ef25779a8cb044a67c02942c96d3dd4","0","stage9","Tesla T4","831ae4e2a22c4e580a4c865b52fc62c8","0","7.5","13000","13000","130101","GNU 13.3.0","NVIDIA 13.0.88","75","Release","sgemm_v0_naive","1024","1024","1024","fp32","row-major","fp32_pedantic","1","0","10","50","42","67c6933e2adeaecc","16","16","1","1","1","1","1","0.001","0.001","","","","","","","","","2.1457672119140625e-05","1.0697671964242546e-06","0.16864621071309796","0","0","timing_sample","256","1","0","v0,v1,cublas","39","4.1594882011413574"
"stage9-gemm-v1","2026-10-09T01:26:38Z","20261009T012348389672Z-15438-r0","ec116ce078eb7601e7cccc27a03f0c005eac9c7e","b819584a2efee94a6428d05d36b428343ef25779a8cb044a67c02942c96d3dd4","0","stage9","Tesla T4","831ae4e2a22c4e580a4c865b52fc62c8","0","7.5","13000","13000","130101","GNU 13.3.0","NVIDIA 13.0.88","75","Release","sgemm_v0_naive","1024","1024","1024","fp32","row-major","fp32_pedantic","1","0","10","50","42","67c6933e2adeaecc","16","16","1","1","1","1","1","0.001","0.001","","","","","","","","","2.1457672119140625e-05","1.0697671964242546e-06","0.16864621071309796","0","0","timing_sample","256","1","0","v0,v1,cublas","40","4.1564159393310547"
"stage9-gemm-v1","2026-10-09T01:26:38Z","20261009T012348389672Z-15438-r0","ec116ce078eb7601e7cccc27a03f0c005eac9c7e","b819584a2efee94a6428d05d36b428343ef25779a8cb044a67c02942c96d3dd4","0","stage9","Tesla T4","831ae4e2a22c4e580a4c865b52fc62c8","0","7.5","13000","13000","130101","GNU 13.3.0","NVIDIA 13.0.88","75","Release","sgemm_v0_naive","1024","1024","1024","fp32","row-major","fp32_pedantic","1","0","10","50","42","67c6933e2adeaecc","16","16","1","1","1","1","1","0.001","0.001","","","","","","","","","2.1457672119140625e-05","1.0697671964242546e-06","0.16864621071309796","0","0","timing_sample","256","1","0","v0,v1,cublas","41","4.1575360298156738"
"stage9-gemm-v1","2026-10-09T01:26:38Z","20261009T012348389672Z-15438-r0","ec116ce078eb7601e7cccc27a03f0c005eac9c7e","b819584a2efee94a6428d05d36b428343ef25779a8cb044a67c02942c96d3dd4","0","stage9","Tesla T4","831ae4e2a22c4e580a4c865b52fc62c8","0","7.5","13000","13000","130101","GNU 13.3.0","NVIDIA 13.0.88","75","Release","sgemm_v0_naive","1024","1024","1024","fp32","row-major","fp32_pedantic","1","0","10","50","42","67c6933e2adeaecc","16","16","1","1","1","1","1","0.001","0.001","","","","","","","","","2.1457672119140625e-05","1.0697671964242546e-06","0.16864621071309796","0","0","timing_sample","256","1","0","v0,v1,cublas","42","4.1594557762145996"
"stage9-gemm-v1","2026-10-09T01:26:38Z","20261009T012348389672Z-15438-r0","ec116ce078eb7601e7cccc27a03f0c005eac9c7e","b819584a2efee94a6428d05d36b428343ef25779a8cb044a67c02942c96d3dd4","0","stage9","Tesla T4","831ae4e2a22c4e580a4c865b52fc62c8","0","7.5","13000","13000","130101","GNU 13.3.0","NVIDIA 13.0.88","75","Release","sgemm_v0_naive","1024","1024","1024","fp32","row-major","fp32_pedantic","1","0","10","50","42","67c6933e2adeaecc","16","16","1","1","1","1","1","0.001","0.001","","","","","","","","","2.1457672119140625e-05","1.0697671964242546e-06","0.16864621071309796","0","0","timing_sample","256","1","0","v0,v1,cublas","43","4.1605439186096191"
"stage9-gemm-v1","2026-10-09T01:26:38Z","20261009T012348389672Z-15438-r0","ec116ce078eb7601e7cccc27a03f0c005eac9c7e","b819584a2efee94a6428d05d36b428343ef25779a8cb044a67c02942c96d3dd4","0","stage9","Tesla T4","831ae4e2a22c4e580a4c865b52fc62c8","0","7.5","13000","13000","130101","GNU 13.3.0","NVIDIA 13.0.88","75","Release","sgemm_v0_naive","1024","1024","1024","fp32","row-major","fp32_pedantic","1","0","10","50","42","67c6933e2adeaecc","16","16","1","1","1","1","1","0.001","0.001","","","","","","","","","2.1457672119140625e-05","1.0697671964242546e-06","0.16864621071309796","0","0","timing_sample","256","1","0","v0,v1,cublas","44","4.157440185546875"
"stage9-gemm-v1","2026-10-09T01:26:38Z","20261009T012348389672Z-15438-r0","ec116ce078eb7601e7cccc27a03f0c005eac9c7e","b819584a2efee94a6428d05d36b428343ef25779a8cb044a67c02942c96d3dd4","0","stage9","Tesla T4","831ae4e2a22c4e580a4c865b52fc62c8","0","7.5","13000","13000","130101","GNU 13.3.0","NVIDIA 13.0.88","75","Release","sgemm_v0_naive","1024","1024","1024","fp32","row-major","fp32_pedantic","1","0","10","50","42","67c6933e2adeaecc","16","16","1","1","1","1","1","0.001","0.001","","","","","","","","","2.1457672119140625e-05","1.0697671964242546e-06","0.16864621071309796","0","0","timing_sample","256","1","0","v0,v1,cublas","45","4.1506237983703613"
"stage9-gemm-v1","2026-10-09T01:26:38Z","20261009T012348389672Z-15438-r0","ec116ce078eb7601e7cccc27a03f0c005eac9c7e","b819584a2efee94a6428d05d36b428343ef25779a8cb044a67c02942c96d3dd4","0","stage9","Tesla T4","831ae4e2a22c4e580a4c865b52fc62c8","0","7.5","13000","13000","130101","GNU 13.3.0","NVIDIA 13.0.88","75","Release","sgemm_v0_naive","1024","1024","1024","fp32","row-major","fp32_pedantic","1","0","10","50","42","67c6933e2adeaecc","16","16","1","1","1","1","1","0.001","0.001","","","","","","","","","2.1457672119140625e-05","1.0697671964242546e-06","0.16864621071309796","0","0","timing_sample","256","1","0","v0,v1,cublas","46","4.1553921699523926"
"stage9-gemm-v1","2026-10-09T01:26:38Z","20261009T012348389672Z-15438-r0","ec116ce078eb7601e7cccc27a03f0c005eac9c7e","b819584a2efee94a6428d05d36b428343ef25779a8cb044a67c02942c96d3dd4","0","stage9","Tesla T4","831ae4e2a22c4e580a4c865b52fc62c8","0","7.5","13000","13000","130101","GNU 13.3.0","NVIDIA 13.0.88","75","Release","sgemm_v0_naive","1024","1024","1024","fp32","row-major","fp32_pedantic","1","0","10","50","42","67c6933e2adeaecc","16","16","1","1","1","1","1","0.001","0.001","","","","","","","","","2.1457672119140625e-05","1.0697671964242546e-06","0.16864621071309796","0","0","timing_sample","256","1","0","v0,v1,cublas","47","4.158048152923584"
"stage9-gemm-v1","2026-10-09T01:26:38Z","20261009T012348389672Z-15438-r0","ec116ce078eb7601e7cccc27a03f0c005eac9c7e","b819584a2efee94a6428d05d36b428343ef25779a8cb044a67c02942c96d3dd4","0","stage9","Tesla T4","831ae4e2a22c4e580a4c865b52fc62c8","0","7.5","13000","13000","130101","GNU 13.3.0","NVIDIA 13.0.88","75","Release","sgemm_v0_naive","1024","1024","1024","fp32","row-major","fp32_pedantic","1","0","10","50","42","67c6933e2adeaecc","16","16","1","1","1","1","1","0.001","0.001","","","","","","","","","2.1457672119140625e-05","1.0697671964242546e-06","0.16864621071309796","0","0","timing_sample","256","1","0","v0,v1,cublas","48","4.1586241722106934"
"stage9-gemm-v1","2026-10-09T01:26:38Z","20261009T012348389672Z-15438-r0","ec116ce078eb7601e7cccc27a03f0c005eac9c7e","b819584a2efee94a6428d05d36b428343ef25779a8cb044a67c02942c96d3dd4","0","stage9","Tesla T4","831ae4e2a22c4e580a4c865b52fc62c8","0","7.5","13000","13000","130101","GNU 13.3.0","NVIDIA 13.0.88","75","Release","sgemm_v0_naive","1024","1024","1024","fp32","row-major","fp32_pedantic","1","0","10","50","42","67c6933e2adeaecc","16","16","1","1","1","1","1","0.001","0.001","","","","","","","","","2.1457672119140625e-05","1.0697671964242546e-06","0.16864621071309796","0","0","timing_sample","256","1","0","v0,v1,cublas","49","4.1588478088378906"
