"timestamp","run_id","commit","source_digest","source_dirty","experiment","gpu","gpu_uuid","device","compute_capability","cuda","cuda_driver","cublas_version","compiler","cuda_compiler","cuda_architectures","build_type","kernel","m","n","k","dtype","layout","math_mode","alpha","beta","warmup","iterations","seed","input_hash","block_x","block_y","bm","bn","bk","tm","tn","atol","rtol","min_ms","max_ms","median_ms","mean_ms","std_ms","gflops","speedup_vs_naive","cublas_ratio","max_error","mean_error","relative_error","violations","nonfinite","status","sample_index","elapsed_ms"
"2026-10-05T07:39:03Z","20261005T073859Z-9057-3","f7aaec42368ab348050ea2184e937b28b860298c","cc1414e52e4d27fb04e3ffd597dd3313bb6d8956f1ddcbedf9762e801a20dc0c","0","baseline","Tesla T4","1f4259c1a5da4d6c1714a04a189fcdf1","0","7.5","13000","13000","130101","GNU 13.3.0","NVIDIA 13.0.88","native","Release","cublas","1024","1024","1024","fp32","row-major","fp32_pedantic","1","0","10","50","42","67c6933e2adeaecc","","","","","","","","0.001","0.001","","","","","","","","","5.245208740234375e-06","5.3502814909922938e-07","0.055013082430965504","0","0","timing_sample","0","0.42409598827362061"
"2026-10-05T07:39:03Z","20261005T073859Z-9057-3","f7aaec42368ab348050ea2184e937b28b860298c","cc1414e52e4d27fb04e3ffd597dd3313bb6d8956f1ddcbedf9762e801a20dc0c","0","baseline","Tesla T4","1f4259c1a5da4d6c1714a04a189fcdf1","0","7.5","13000","13000","130101","GNU 13.3.0","NVIDIA 13.0.88","native","Release","cublas","1024","1024","1024","fp32","row-major","fp32_pedantic","1","0","10","50","42","67c6933e2adeaecc","","","","","","","","0.001","0.001","","","","","","","","","5.245208740234375e-06","5.3502814909922938e-07","0.055013082430965504","0","0","timing_sample","1","0.43449598550796509"
"2026-10-05T07:39:03Z","20261005T073859Z-9057-3","f7aaec42368ab348050ea2184e937b28b860298c","cc1414e52e4d27fb04e3ffd597dd3313bb6d8956f1ddcbedf9762e801a20dc0c","0","baseline","Tesla T4","1f4259c1a5da4d6c1714a04a189fcdf1","0","7.5","13000","13000","130101","GNU 13.3.0","NVIDIA 13.0.88","native","Release","cublas","1024","1024","1024","fp32","row-major","fp32_pedantic","1","0","10","50","42","67c6933e2adeaecc","","","","","","","","0.001","0.001","","","","","","","","","5.245208740234375e-06","5.3502814909922938e-07","0.055013082430965504","0","0","timing_sample","2","0.41779199242591858"
"2026-10-05T07:39:03Z","20261005T073859Z-9057-3","f7aaec42368ab348050ea2184e937b28b860298c","cc1414e52e4d27fb04e3ffd597dd3313bb6d8956f1ddcbedf9762e801a20dc0c","0","baseline","Tesla T4","1f4259c1a5da4d6c1714a04a189fcdf1","0","7.5","13000","13000","130101","GNU 13.3.0","NVIDIA 13.0.88","native","Release","cublas","1024","1024","1024","fp32","row-major","fp32_pedantic","1","0","10","50","42","67c6933e2adeaecc","","","","","","","","0.001","0.001","","","","","","","","","5.245208740234375e-06","5.3502814909922938e-07","0.055013082430965504","0","0","timing_sample","3","0.41676801443099976"
"2026-10-05T07:39:03Z","20261005T073859Z-9057-3","f7aaec42368ab348050ea2184e937b28b860298c","cc1414e52e4d27fb04e3ffd597dd3313bb6d8956f1ddcbedf9762e801a20dc0c","0","baseline","Tesla T4","1f4259c1a5da4d6c1714a04a189fcdf1","0","7.5","13000","13000","130101","GNU 13.3.0","NVIDIA 13.0.88","native","Release","cublas","1024","1024","1024","fp32","row-major","fp32_pedantic","1","0","10","50","42","67c6933e2adeaecc","","","","","","","","0.001","0.001","","","","","","","","","5.245208740234375e-06","5.3502814909922938e-07","0.055013082430965504","0","0","timing_sample","4","0.41567999124526978"
"2026-10-05T07:39:03Z","20261005T073859Z-9057-3","f7aaec42368ab348050ea2184e937b28b860298c","cc1414e52e4d27fb04e3ffd597dd3313bb6d8956f1ddcbedf9762e801a20dc0c","0","baseline","Tesla T4","1f4259c1a5da4d6c1714a04a189fcdf1","0","7.5","13000","13000","130101","GNU 13.3.0","NVIDIA 13.0.88","native","Release","cublas","1024","1024","1024","fp32","row-major","fp32_pedantic","1","0","10","50","42","67c6933e2adeaecc","","","","","","","","0.001","0.001","","","","","","","","","5.245208740234375e-06","5.3502814909922938e-07","0.055013082430965504","0","0","timing_sample","5","0.41542398929595947"
"2026-10-05T07:39:03Z","20261005T073859Z-9057-3","f7aaec42368ab348050ea2184e937b28b860298c","cc1414e52e4d27fb04e3ffd597dd3313bb6d8956f1ddcbedf9762e801a20dc0c","0","baseline","Tesla T4","1f4259c1a5da4d6c1714a04a189fcdf1","0","7.5","13000","13000","130101","GNU 13.3.0","NVIDIA 13.0.88","native","Release","cublas","1024","1024","1024","fp32","row-major","fp32_pedantic","1","0","10","50","42","67c6933e2adeaecc","","","","","","","","0.001","0.001","","","","","","","","","5.245208740234375e-06","5.3502814909922938e-07","0.055013082430965504","0","0","timing_sample","6","0.40707200765609741"
"2026-10-05T07:39:03Z","20261005T073859Z-9057-3","f7aaec42368ab348050ea2184e937b28b860298c","cc1414e52e4d27fb04e3ffd597dd3313bb6d8956f1ddcbedf9762e801a20dc0c","0","baseline","Tesla T4","1f4259c1a5da4d6c1714a04a189fcdf1","0","7.5","13000","13000","130101","GNU 13.3.0","NVIDIA 13.0.88","native","Release","cublas","1024","1024","1024","fp32","row-major","fp32_pedantic","1","0","10","50","42","67c6933e2adeaecc","","","","","","","","0.001","0.001","","","","","","","","","5.245208740234375e-06","5.3502814909922938e-07","0.055013082430965504","0","0","timing_sample","7","0.40534400939941406"
"2026-10-05T07:39:03Z","20261005T073859Z-9057-3","f7aaec42368ab348050ea2184e937b28b860298c","cc1414e52e4d27fb04e3ffd597dd3313bb6d8956f1ddcbedf9762e801a20dc0c","0","baseline","Tesla T4","1f4259c1a5da4d6c1714a04a189fcdf1","0","7.5","13000","13000","130101","GNU 13.3.0","NVIDIA 13.0.88","native","Release","cublas","1024","1024","1024","fp32","row-major","fp32_pedantic","1","0","10","50","42","67c6933e2adeaecc","","","","","","","","0.001","0.001","","","","","","","","","5.245208740234375e-06","5.3502814909922938e-07","0.055013082430965504","0","0","timing_sample","8","0.40307199954986572"
"2026-10-05T07:39:03Z","20261005T073859Z-9057-3","f7aaec42368ab348050ea2184e937b28b860298c","cc1414e52e4d27fb04e3ffd597dd3313bb6d8956f1ddcbedf9762e801a20dc0c","0","baseline","Tesla T4","1f4259c1a5da4d6c1714a04a189fcdf1","0","7.5","13000","13000","130101","GNU 13.3.0","NVIDIA 13.0.88","native","Release","cublas","1024","1024","1024","fp32","row-major","fp32_pedantic","1","0","10","50","42","67c6933e2adeaecc","","","","","","","","0.001","0.001","","","","","","","","","5.245208740234375e-06","5.3502814909922938e-07","0.055013082430965504","0","0","timing_sample","9","0.41702398657798767"
"2026-10-05T07:39:03Z","20261005T073859Z-9057-3","f7aaec42368ab348050ea2184e937b28b860298c","cc1414e52e4d27fb04e3ffd597dd3313bb6d8956f1ddcbedf9762e801a20dc0c","0","baseline","Tesla T4","1f4259c1a5da4d6c1714a04a189fcdf1","0","7.5","13000","13000","130101","GNU 13.3.0","NVIDIA 13.0.88","native","Release","cublas","1024","1024","1024","fp32","row-major","fp32_pedantic","1","0","10","50","42","67c6933e2adeaecc","","","","","","","","0.001","0.001","","","","","","","","","5.245208740234375e-06","5.3502814909922938e-07","0.055013082430965504","0","0","timing_sample","10","0.40380799770355225"
"2026-10-05T07:39:03Z","20261005T073859Z-9057-3","f7aaec42368ab348050ea2184e937b28b860298c","cc1414e52e4d27fb04e3ffd597dd3313bb6d8956f1ddcbedf9762e801a20dc0c","0","baseline","Tesla T4","1f4259c1a5da4d6c1714a04a189fcdf1","0","7.5","13000","13000","130101","GNU 13.3.0","NVIDIA 13.0.88","native","Release","cublas","1024","1024","1024","fp32","row-major","fp32_pedantic","1","0","10","50","42","67c6933e2adeaecc","","","","","","","","0.001","0.001","","","","","","","","","5.245208740234375e-06","5.3502814909922938e-07","0.055013082430965504","0","0","timing_sample","11","0.40550398826599121"
"2026-10-05T07:39:03Z","20261005T073859Z-9057-3","f7aaec42368ab348050ea2184e937b28b860298c","cc1414e52e4d27fb04e3ffd597dd3313bb6d8956f1ddcbedf9762e801a20dc0c","0","baseline","Tesla T4","1f4259c1a5da4d6c1714a04a189fcdf1","0","7.5","13000","13000","130101","GNU 13.3.0","NVIDIA 13.0.88","native","Release","cublas","1024","1024","1024","fp32","row-major","fp32_pedantic","1","0","10","50","42","67c6933e2adeaecc","","","","","","","","0.001","0.001","","","","","","","","","5.245208740234375e-06","5.3502814909922938e-07","0.055013082430965504","0","0","timing_sample","12","0.40320000052452087"
"2026-10-05T07:39:03Z","20261005T073859Z-9057-3","f7aaec42368ab348050ea2184e937b28b860298c","cc1414e52e4d27fb04e3ffd597dd3313bb6d8956f1ddcbedf9762e801a20dc0c","0","baseline","Tesla T4","1f4259c1a5da4d6c1714a04a189fcdf1","0","7.5","13000","13000","130101","GNU 13.3.0","NVIDIA 13.0.88","native","Release","cublas","1024","1024","1024","fp32","row-major","fp32_pedantic","1","0","10","50","42","67c6933e2adeaecc","","","","","","","","0.001","0.001","","","","","","","","","5.245208740234375e-06","5.3502814909922938e-07","0.055013082430965504","0","0","timing_sample","13","0.40345600247383118"
"2026-10-05T07:39:03Z","20261005T073859Z-9057-3","f7aaec42368ab348050ea2184e937b28b860298c","cc1414e52e4d27fb04e3ffd597dd3313bb6d8956f1ddcbedf9762e801a20dc0c","0","baseline","Tesla T4","1f4259c1a5da4d6c1714a04a189fcdf1","0","7.5","13000","13000","130101","GNU 13.3.0","NVIDIA 13.0.88","native","Release","cublas","1024","1024","1024","fp32","row-major","fp32_pedantic","1","0","10","50","42","67c6933e2adeaecc","","","","","","","","0.001","0.001","","","","","","","","","5.245208740234375e-06","5.3502814909922938e-07","0.055013082430965504","0","0","timing_sample","14","0.40339198708534241"
"2026-10-05T07:39:03Z","20261005T073859Z-9057-3","f7aaec42368ab348050ea2184e937b28b860298c","cc1414e52e4d27fb04e3ffd597dd3313bb6d8956f1ddcbedf9762e801a20dc0c","0","baseline","Tesla T4","1f4259c1a5da4d6c1714a04a189fcdf1","0","7.5","13000","13000","130101","GNU 13.3.0","NVIDIA 13.0.88","native","Release","cublas","1024","1024","1024","fp32","row-major","fp32_pedantic","1","0","10","50","42","67c6933e2adeaecc","","","","","","","","0.001","0.001","","","","","","","","","5.245208740234375e-06","5.3502814909922938e-07","0.055013082430965504","0","0","timing_sample","15","0.40179198980331421"
"2026-10-05T07:39:03Z","20261005T073859Z-9057-3","f7aaec42368ab348050ea2184e937b28b860298c","cc1414e52e4d27fb04e3ffd597dd3313bb6d8956f1ddcbedf9762e801a20dc0c","0","baseline","Tesla T4","1f4259c1a5da4d6c1714a04a189fcdf1","0","7.5","13000","13000","130101","GNU 13.3.0","NVIDIA 13.0.88","native","Release","cublas","1024","1024","1024","fp32","row-major","fp32_pedantic","1","0","10","50","42","67c6933e2adeaecc","","","","","","","","0.001","0.001","","","","","","","","","5.245208740234375e-06","5.3502814909922938e-07","0.055013082430965504","0","0","timing_sample","16","0.40508800745010376"
"2026-10-05T07:39:03Z","20261005T073859Z-9057-3","f7aaec42368ab348050ea2184e937b28b860298c","cc1414e52e4d27fb04e3ffd597dd3313bb6d8956f1ddcbedf9762e801a20dc0c","0","baseline","Tesla T4","1f4259c1a5da4d6c1714a04a189fcdf1","0","7.5","13000","13000","130101","GNU 13.3.0","NVIDIA 13.0.88","native","Release","cublas","1024","1024","1024","fp32","row-major","fp32_pedantic","1","0","10","50","42","67c6933e2adeaecc","","","","","","","","0.001","0.001","","","","","","","","","5.245208740234375e-06","5.3502814909922938e-07","0.055013082430965504","0","0","timing_sample","17","0.40217599272727966"
"2026-10-05T07:39:03Z","20261005T073859Z-9057-3","f7aaec42368ab348050ea2184e937b28b860298c","cc1414e52e4d27fb04e3ffd597dd3313bb6d8956f1ddcbedf9762e801a20dc0c","0","baseline","Tesla T4","1f4259c1a5da4d6c1714a04a189fcdf1","0","7.5","13000","13000","130101","GNU 13.3.0","NVIDIA 13.0.88","native","Release","cublas","1024","1024","1024","fp32","row-major","fp32_pedantic","1","0","10","50","42","67c6933e2adeaecc","","","","","","","","0.001","0.001","","","","","","","","","5.245208740234375e-06","5.3502814909922938e-07","0.055013082430965504","0","0","timing_sample","18","0.41382399201393127"
"2026-10-05T07:39:03Z","20261005T073859Z-9057-3","f7aaec42368ab348050ea2184e937b28b860298c","cc1414e52e4d27fb04e3ffd597dd3313bb6d8956f1ddcbedf9762e801a20dc0c","0","baseline","Tesla T4","1f4259c1a5da4d6c1714a04a189fcdf1","0","7.5","13000","13000","130101","GNU 13.3.0","NVIDIA 13.0.88","native","Release","cublas","1024","1024","1024","fp32","row-major","fp32_pedantic","1","0","10","50","42","67c6933e2adeaecc","","","","","","","","0.001","0.001","","","","","","","","","5.245208740234375e-06","5.3502814909922938e-07","0.055013082430965504","0","0","timing_sample","19","0.40550398826599121"
"2026-10-05T07:39:03Z","20261005T073859Z-9057-3","f7aaec42368ab348050ea2184e937b28b860298c","cc1414e52e4d27fb04e3ffd597dd3313bb6d8956f1ddcbedf9762e801a20dc0c","0","baseline","Tesla T4","1f4259c1a5da4d6c1714a04a189fcdf1","0","7.5","13000","13000","130101","GNU 13.3.0","NVIDIA 13.0.88","native","Release","cublas","1024","1024","1024","fp32","row-major","fp32_pedantic","1","0","10","50","42","67c6933e2adeaecc","","","","","","","","0.001","0.001","","","","","","","","","5.245208740234375e-06","5.3502814909922938e-07","0.055013082430965504","0","0","timing_sample","20","0.41574400663375854"
"2026-10-05T07:39:03Z","20261005T073859Z-9057-3","f7aaec42368ab348050ea2184e937b28b860298c","cc1414e52e4d27fb04e3ffd597dd3313bb6d8956f1ddcbedf9762e801a20dc0c","0","baseline","Tesla T4","1f4259c1a5da4d6c1714a04a189fcdf1","0","7.5","13000","13000","130101","GNU 13.3.0","NVIDIA 13.0.88","native","Release","cublas","1024","1024","1024","fp32","row-major","fp32_pedantic","1","0","10","50","42","67c6933e2adeaecc","","","","","","","","0.001","0.001","","","","","","","","","5.245208740234375e-06","5.3502814909922938e-07","0.055013082430965504","0","0","timing_sample","21","0.40588799118995667"
"2026-10-05T07:39:03Z","20261005T073859Z-9057-3","f7aaec42368ab348050ea2184e937b28b860298c","cc1414e52e4d27fb04e3ffd597dd3313bb6d8956f1ddcbedf9762e801a20dc0c","0","baseline","Tesla T4","1f4259c1a5da4d6c1714a04a189fcdf1","0","7.5","13000","13000","130101","GNU 13.3.0","NVIDIA 13.0.88","native","Release","cublas","1024","1024","1024","fp32","row-major","fp32_pedantic","1","0","10","50","42","67c6933e2adeaecc","","","","","","","","0.001","0.001","","","","","","","","","5.245208740234375e-06","5.3502814909922938e-07","0.055013082430965504","0","0","timing_sample","22","0.40755200386047363"
"2026-10-05T07:39:03Z","20261005T073859Z-9057-3","f7aaec42368ab348050ea2184e937b28b860298c","cc1414e52e4d27fb04e3ffd597dd3313bb6d8956f1ddcbedf9762e801a20dc0c","0","baseline","Tesla T4","1f4259c1a5da4d6c1714a04a189fcdf1","0","7.5","13000","13000","130101","GNU 13.3.0","NVIDIA 13.0.88","native","Release","cublas","1024","1024","1024","fp32","row-major","fp32_pedantic","1","0","10","50","42","67c6933e2adeaecc","","","","","","","","0.001","0.001","","","","","","","","","5.245208740234375e-06","5.3502814909922938e-07","0.055013082430965504","0","0","timing_sample","23","0.40345600247383118"
"2026-10-05T07:39:03Z","20261005T073859Z-9057-3","f7aaec42368ab348050ea2184e937b28b860298c","cc1414e52e4d27fb04e3ffd597dd3313bb6d8956f1ddcbedf9762e801a20dc0c","0","baseline","Tesla T4","1f4259c1a5da4d6c1714a04a189fcdf1","0","7.5","13000","13000","130101","GNU 13.3.0","NVIDIA 13.0.88","native","Release","cublas","1024","1024","1024","fp32","row-major","fp32_pedantic","1","0","10","50","42","67c6933e2adeaecc","","","","","","","","0.001","0.001","","","","","","","","","5.245208740234375e-06","5.3502814909922938e-07","0.055013082430965504","0","0","timing_sample","24","0.40547201037406921"
"2026-10-05T07:39:03Z","20261005T073859Z-9057-3","f7aaec42368ab348050ea2184e937b28b860298c","cc1414e52e4d27fb04e3ffd597dd3313bb6d8956f1ddcbedf9762e801a20dc0c","0","baseline","Tesla T4","1f4259c1a5da4d6c1714a04a189fcdf1","0","7.5","13000","13000","130101","GNU 13.3.0","NVIDIA 13.0.88","native","Release","cublas","1024","1024","1024","fp32","row-major","fp32_pedantic","1","0","10","50","42","67c6933e2adeaecc","","","","","","","","0.001","0.001","","","","","","","","","5.245208740234375e-06","5.3502814909922938e-07","0.055013082430965504","0","0","timing_sample","25","0.40345600247383118"
"2026-10-05T07:39:03Z","20261005T073859Z-9057-3","f7aaec42368ab348050ea2184e937b28b860298c","cc1414e52e4d27fb04e3ffd597dd3313bb6d8956f1ddcbedf9762e801a20dc0c","0","baseline","Tesla T4","1f4259c1a5da4d6c1714a04a189fcdf1","0","7.5","13000","13000","130101","GNU 13.3.0","NVIDIA 13.0.88","native","Release","cublas","1024","1024","1024","fp32","row-major","fp32_pedantic","1","0","10","50","42","67c6933e2adeaecc","","","","","","","","0.001","0.001","","","","","","","","","5.245208740234375e-06","5.3502814909922938e-07","0.055013082430965504","0","0","timing_sample","26","0.40137600898742676"
"2026-10-05T07:39:03Z","20261005T073859Z-9057-3","f7aaec42368ab348050ea2184e937b28b860298c","cc1414e52e4d27fb04e3ffd597dd3313bb6d8956f1ddcbedf9762e801a20dc0c","0","baseline","Tesla T4","1f4259c1a5da4d6c1714a04a189fcdf1","0","7.5","13000","13000","130101","GNU 13.3.0","NVIDIA 13.0.88","native","Release","cublas","1024","1024","1024","fp32","row-major","fp32_pedantic","1","0","10","50","42","67c6933e2adeaecc","","","","","","","","0.001","0.001","","","","","","","","","5.245208740234375e-06","5.3502814909922938e-07","0.055013082430965504","0","0","timing_sample","27","0.40656000375747681"
"2026-10-05T07:39:03Z","20261005T073859Z-9057-3","f7aaec42368ab348050ea2184e937b28b860298c","cc1414e52e4d27fb04e3ffd597dd3313bb6d8956f1ddcbedf9762e801a20dc0c","0","baseline","Tesla T4","1f4259c1a5da4d6c1714a04a189fcdf1","0","7.5","13000","13000","130101","GNU 13.3.0","NVIDIA 13.0.88","native","Release","cublas","1024","1024","1024","fp32","row-major","fp32_pedantic","1","0","10","50","42","67c6933e2adeaecc","","","","","","","","0.001","0.001","","","","","","","","","5.245208740234375e-06","5.3502814909922938e-07","0.055013082430965504","0","0","timing_sample","28","0.40345600247383118"
"2026-10-05T07:39:03Z","20261005T073859Z-9057-3","f7aaec42368ab348050ea2184e937b28b860298c","cc1414e52e4d27fb04e3ffd597dd3313bb6d8956f1ddcbedf9762e801a20dc0c","0","baseline","Tesla T4","1f4259c1a5da4d6c1714a04a189fcdf1","0","7.5","13000","13000","130101","GNU 13.3.0","NVIDIA 13.0.88","native","Release","cublas","1024","1024","1024","fp32","row-major","fp32_pedantic","1","0","10","50","42","67c6933e2adeaecc","","","","","","","","0.001","0.001","","","","","","","","","5.245208740234375e-06","5.3502814909922938e-07","0.055013082430965504","0","0","timing_sample","29","0.41264000535011292"
"2026-10-05T07:39:03Z","20261005T073859Z-9057-3","f7aaec42368ab348050ea2184e937b28b860298c","cc1414e52e4d27fb04e3ffd597dd3313bb6d8956f1ddcbedf9762e801a20dc0c","0","baseline","Tesla T4","1f4259c1a5da4d6c1714a04a189fcdf1","0","7.5","13000","13000","130101","GNU 13.3.0","NVIDIA 13.0.88","native","Release","cublas","1024","1024","1024","fp32","row-major","fp32_pedantic","1","0","10","50","42","67c6933e2adeaecc","","","","","","","","0.001","0.001","","","","","","","","","5.245208740234375e-06","5.3502814909922938e-07","0.055013082430965504","0","0","timing_sample","30","0.4020799994468689"
"2026-10-05T07:39:03Z","20261005T073859Z-9057-3","f7aaec42368ab348050ea2184e937b28b860298c","cc1414e52e4d27fb04e3ffd597dd3313bb6d8956f1ddcbedf9762e801a20dc0c","0","baseline","Tesla T4","1f4259c1a5da4d6c1714a04a189fcdf1","0","7.5","13000","13000","130101","GNU 13.3.0","NVIDIA 13.0.88","native","Release","cublas","1024","1024","1024","fp32","row-major","fp32_pedantic","1","0","10","50","42","67c6933e2adeaecc","","","","","","","","0.001","0.001","","","","","","","","","5.245208740234375e-06","5.3502814909922938e-07","0.055013082430965504","0","0","timing_sample","31","0.40473601222038269"
"2026-10-05T07:39:03Z","20261005T073859Z-9057-3","f7aaec42368ab348050ea2184e937b28b860298c","cc1414e52e4d27fb04e3ffd597dd3313bb6d8956f1ddcbedf9762e801a20dc0c","0","baseline","Tesla T4","1f4259c1a5da4d6c1714a04a189fcdf1","0","7.5","13000","13000","130101","GNU 13.3.0","NVIDIA 13.0.88","native","Release","cublas","1024","1024","1024","fp32","row-major","fp32_pedantic","1","0","10","50","42","67c6933e2adeaecc","","","","","","","","0.001","0.001","","","","","","","","","5.245208740234375e-06","5.3502814909922938e-07","0.055013082430965504","0","0","timing_sample","32","0.40140798687934875"
"2026-10-05T07:39:03Z","20261005T073859Z-9057-3","f7aaec42368ab348050ea2184e937b28b860298c","cc1414e52e4d27fb04e3ffd597dd3313bb6d8956f1ddcbedf9762e801a20dc0c","0","baseline","Tesla T4","1f4259c1a5da4d6c1714a04a189fcdf1","0","7.5","13000","13000","130101","GNU 13.3.0","NVIDIA 13.0.88","native","Release","cublas","1024","1024","1024","fp32","row-major","fp32_pedantic","1","0","10","50","42","67c6933e2adeaecc","","","","","","","","0.001","0.001","","","","","","","","","5.245208740234375e-06","5.3502814909922938e-07","0.055013082430965504","0","0","timing_sample","33","0.40345600247383118"
"2026-10-05T07:39:03Z","20261005T073859Z-9057-3","f7aaec42368ab348050ea2184e937b28b860298c","cc1414e52e4d27fb04e3ffd597dd3313bb6d8956f1ddcbedf9762e801a20dc0c","0","baseline","Tesla T4","1f4259c1a5da4d6c1714a04a189fcdf1","0","7.5","13000","13000","130101","GNU 13.3.0","NVIDIA 13.0.88","native","Release","cublas","1024","1024","1024","fp32","row-major","fp32_pedantic","1","0","10","50","42","67c6933e2adeaecc","","","","","","","","0.001","0.001","","","","","","","","","5.245208740234375e-06","5.3502814909922938e-07","0.055013082430965504","0","0","timing_sample","34","0.40195199847221375"
"2026-10-05T07:39:03Z","20261005T073859Z-9057-3","f7aaec42368ab348050ea2184e937b28b860298c","cc1414e52e4d27fb04e3ffd597dd3313bb6d8956f1ddcbedf9762e801a20dc0c","0","baseline","Tesla T4","1f4259c1a5da4d6c1714a04a189fcdf1","0","7.5","13000","13000","130101","GNU 13.3.0","NVIDIA 13.0.88","native","Release","cublas","1024","1024","1024","fp32","row-major","fp32_pedantic","1","0","10","50","42","67c6933e2adeaecc","","","","","","","","0.001","0.001","","","","","","","","","5.245208740234375e-06","5.3502814909922938e-07","0.055013082430965504","0","0","timing_sample","35","0.41119998693466187"
"2026-10-05T07:39:03Z","20261005T073859Z-9057-3","f7aaec42368ab348050ea2184e937b28b860298c","cc1414e52e4d27fb04e3ffd597dd3313bb6d8956f1ddcbedf9762e801a20dc0c","0","baseline","Tesla T4","1f4259c1a5da4d6c1714a04a189fcdf1","0","7.5","13000","13000","130101","GNU 13.3.0","NVIDIA 13.0.88","native","Release","cublas","1024","1024","1024","fp32","row-major","fp32_pedantic","1","0","10","50","42","67c6933e2adeaecc","","","","","","","","0.001","0.001","","","","","","","","","5.245208740234375e-06","5.3502814909922938e-07","0.055013082430965504","0","0","timing_sample","36","0.40140798687934875"
"2026-10-05T07:39:03Z","20261005T073859Z-9057-3","f7aaec42368ab348050ea2184e937b28b860298c","cc1414e52e4d27fb04e3ffd597dd3313bb6d8956f1ddcbedf9762e801a20dc0c","0","baseline","Tesla T4","1f4259c1a5da4d6c1714a04a189fcdf1","0","7.5","13000","13000","130101","GNU 13.3.0","NVIDIA 13.0.88","native","Release","cublas","1024","1024","1024","fp32","row-major","fp32_pedantic","1","0","10","50","42","67c6933e2adeaecc","","","","","","","","0.001","0.001","","","","","","","","","5.245208740234375e-06","5.3502814909922938e-07","0.055013082430965504","0","0","timing_sample","37","0.40556800365447998"
"2026-10-05T07:39:03Z","20261005T073859Z-9057-3","f7aaec42368ab348050ea2184e937b28b860298c","cc1414e52e4d27fb04e3ffd597dd3313bb6d8956f1ddcbedf9762e801a20dc0c","0","baseline","Tesla T4","1f4259c1a5da4d6c1714a04a189fcdf1","0","7.5","13000","13000","130101","GNU 13.3.0","NVIDIA 13.0.88","native","Release","cublas","1024","1024","1024","fp32","row-major","fp32_pedantic","1","0","10","50","42","67c6933e2adeaecc","","","","","","","","0.001","0.001","","","","","","","","","5.245208740234375e-06","5.3502814909922938e-07","0.055013082430965504","0","0","timing_sample","38","0.4148159921169281"
"2026-10-05T07:39:03Z","20261005T073859Z-9057-3","f7aaec42368ab348050ea2184e937b28b860298c","cc1414e52e4d27fb04e3ffd597dd3313bb6d8956f1ddcbedf9762e801a20dc0c","0","baseline","Tesla T4","1f4259c1a5da4d6c1714a04a189fcdf1","0","7.5","13000","13000","130101","GNU 13.3.0","NVIDIA 13.0.88","native","Release","cublas","1024","1024","1024","fp32","row-major","fp32_pedantic","1","0","10","50","42","67c6933e2adeaecc","","","","","","","","0.001","0.001","","","","","","","","","5.245208740234375e-06","5.3502814909922938e-07","0.055013082430965504","0","0","timing_sample","39","0.40367999672889709"
"2026-10-05T07:39:03Z","20261005T073859Z-9057-3","f7aaec42368ab348050ea2184e937b28b860298c","cc1414e52e4d27fb04e3ffd597dd3313bb6d8956f1ddcbedf9762e801a20dc0c","0","baseline","Tesla T4","1f4259c1a5da4d6c1714a04a189fcdf1","0","7.5","13000","13000","130101","GNU 13.3.0","NVIDIA 13.0.88","native","Release","cublas","1024","1024","1024","fp32","row-major","fp32_pedantic","1","0","10","50","42","67c6933e2adeaecc","","","","","","","","0.001","0.001","","","","","","","","","5.245208740234375e-06","5.3502814909922938e-07","0.055013082430965504","0","0","timing_sample","40","0.41369599103927612"
"2026-10-05T07:39:03Z","20261005T073859Z-9057-3","f7aaec42368ab348050ea2184e937b28b860298c","cc1414e52e4d27fb04e3ffd597dd3313bb6d8956f1ddcbedf9762e801a20dc0c","0","baseline","Tesla T4","1f4259c1a5da4d6c1714a04a189fcdf1","0","7.5","13000","13000","130101","GNU 13.3.0","NVIDIA 13.0.88","native","Release","cublas","1024","1024","1024","fp32","row-major","fp32_pedantic","1","0","10","50","42","67c6933e2adeaecc","","","","","","","","0.001","0.001","","","","","","","","","5.245208740234375e-06","5.3502814909922938e-07","0.055013082430965504","0","0","timing_sample","41","0.40518400073051453"
"2026-10-05T07:39:03Z","20261005T073859Z-9057-3","f7aaec42368ab348050ea2184e937b28b860298c","cc1414e52e4d27fb04e3ffd597dd3313bb6d8956f1ddcbedf9762e801a20dc0c","0","baseline","Tesla T4","1f4259c1a5da4d6c1714a04a189fcdf1","0","7.5","13000","13000","130101","GNU 13.3.0","NVIDIA 13.0.88","native","Release","cublas","1024","1024","1024","fp32","row-major","fp32_pedantic","1","0","10","50","42","67c6933e2adeaecc","","","","","","","","0.001","0.001","","","","","","","","","5.245208740234375e-06","5.3502814909922938e-07","0.055013082430965504","0","0","timing_sample","42","0.40575999021530151"
"2026-10-05T07:39:03Z","20261005T073859Z-9057-3","f7aaec42368ab348050ea2184e937b28b860298c","cc1414e52e4d27fb04e3ffd597dd3313bb6d8956f1ddcbedf9762e801a20dc0c","0","baseline","Tesla T4","1f4259c1a5da4d6c1714a04a189fcdf1","0","7.5","13000","13000","130101","GNU 13.3.0","NVIDIA 13.0.88","native","Release","cublas","1024","1024","1024","fp32","row-major","fp32_pedantic","1","0","10","50","42","67c6933e2adeaecc","","","","","","","","0.001","0.001","","","","","","","","","5.245208740234375e-06","5.3502814909922938e-07","0.055013082430965504","0","0","timing_sample","43","0.40182399749755859"
"2026-10-05T07:39:03Z","20261005T073859Z-9057-3","f7aaec42368ab348050ea2184e937b28b860298c","cc1414e52e4d27fb04e3ffd597dd3313bb6d8956f1ddcbedf9762e801a20dc0c","0","baseline","Tesla T4","1f4259c1a5da4d6c1714a04a189fcdf1","0","7.5","13000","13000","130101","GNU 13.3.0","NVIDIA 13.0.88","native","Release","cublas","1024","1024","1024","fp32","row-major","fp32_pedantic","1","0","10","50","42","67c6933e2adeaecc","","","","","","","","0.001","0.001","","","","","","","","","5.245208740234375e-06","5.3502814909922938e-07","0.055013082430965504","0","0","timing_sample","44","0.40435200929641724"
"2026-10-05T07:39:03Z","20261005T073859Z-9057-3","f7aaec42368ab348050ea2184e937b28b860298c","cc1414e52e4d27fb04e3ffd597dd3313bb6d8956f1ddcbedf9762e801a20dc0c","0","baseline","Tesla T4","1f4259c1a5da4d6c1714a04a189fcdf1","0","7.5","13000","13000","130101","GNU 13.3.0","NVIDIA 13.0.88","native","Release","cublas","1024","1024","1024","fp32","row-major","fp32_pedantic","1","0","10","50","42","67c6933e2adeaecc","","","","","","","","0.001","0.001","","","","","","","","","5.245208740234375e-06","5.3502814909922938e-07","0.055013082430965504","0","0","timing_sample","45","0.40118399262428284"
"2026-10-05T07:39:03Z","20261005T073859Z-9057-3","f7aaec42368ab348050ea2184e937b28b860298c","cc1414e52e4d27fb04e3ffd597dd3313bb6d8956f1ddcbedf9762e801a20dc0c","0","baseline","Tesla T4","1f4259c1a5da4d6c1714a04a189fcdf1","0","7.5","13000","13000","130101","GNU 13.3.0","NVIDIA 13.0.88","native","Release","cublas","1024","1024","1024","fp32","row-major","fp32_pedantic","1","0","10","50","42","67c6933e2adeaecc","","","","","","","","0.001","0.001","","","","","","","","","5.245208740234375e-06","5.3502814909922938e-07","0.055013082430965504","0","0","timing_sample","46","0.41164800524711609"
"2026-10-05T07:39:03Z","20261005T073859Z-9057-3","f7aaec42368ab348050ea2184e937b28b860298c","cc1414e52e4d27fb04e3ffd597dd3313bb6d8956f1ddcbedf9762e801a20dc0c","0","baseline","Tesla T4","1f4259c1a5da4d6c1714a04a189fcdf1","0","7.5","13000","13000","130101","GNU 13.3.0","NVIDIA 13.0.88","native","Release","cublas","1024","1024","1024","fp32","row-major","fp32_pedantic","1","0","10","50","42","67c6933e2adeaecc","","","","","","","","0.001","0.001","","","","","","","","","5.245208740234375e-06","5.3502814909922938e-07","0.055013082430965504","0","0","timing_sample","47","0.40310400724411011"
"2026-10-05T07:39:03Z","20261005T073859Z-9057-3","f7aaec42368ab348050ea2184e937b28b860298c","cc1414e52e4d27fb04e3ffd597dd3313bb6d8956f1ddcbedf9762e801a20dc0c","0","baseline","Tesla T4","1f4259c1a5da4d6c1714a04a189fcdf1","0","7.5","13000","13000","130101","GNU 13.3.0","NVIDIA 13.0.88","native","Release","cublas","1024","1024","1024","fp32","row-major","fp32_pedantic","1","0","10","50","42","67c6933e2adeaecc","","","","","","","","0.001","0.001","","","","","","","","","5.245208740234375e-06","5.3502814909922938e-07","0.055013082430965504","0","0","timing_sample","48","0.40585601329803467"
"2026-10-05T07:39:03Z","20261005T073859Z-9057-3","f7aaec42368ab348050ea2184e937b28b860298c","cc1414e52e4d27fb04e3ffd597dd3313bb6d8956f1ddcbedf9762e801a20dc0c","0","baseline","Tesla T4","1f4259c1a5da4d6c1714a04a189fcdf1","0","7.5","13000","13000","130101","GNU 13.3.0","NVIDIA 13.0.88","native","Release","cublas","1024","1024","1024","fp32","row-major","fp32_pedantic","1","0","10","50","42","67c6933e2adeaecc","","","","","","","","0.001","0.001","","","","","","","","","5.245208740234375e-06","5.3502814909922938e-07","0.055013082430965504","0","0","timing_sample","49","0.40211200714111328"
