"sample","ms","batch","arena_capacity","prepared_backing_allocs","correctness"
"0","0.078088000000000005","1","1280","1","passed"
"1","0.033183999999999998","1","1280","1","passed"
"2","0.028003","1","1280","1","passed"
"3","0.026957999999999999","1","1280","1","passed"
"4","0.026873000000000001","1","1280","1","passed"
"5","0.026658000000000001","1","1280","1","passed"
"6","0.033577000000000003","1","1280","1","passed"
"7","0.026536000000000001","1","1280","1","passed"
"8","0.026297999999999998","1","1280","1","passed"
"9","0.026557999999999998","1","1280","1","passed"
