"sample","ms","batch","threads","m","n","k","seed","input_hash","algorithm","workload","policy","checksum"
"0","1.420261","1","2","128","128","128","42","061da3bf53818185","cpu-ikj-fp32-c3-fifo","gemm","caller","0.53945446014404297"
"1","1.21675","1","2","128","128","128","42","061da3bf53818185","cpu-ikj-fp32-c3-fifo","gemm","caller","0.53945446014404297"
"2","2.23414","1","2","128","128","128","42","061da3bf53818185","cpu-ikj-fp32-c3-fifo","gemm","caller","0.53945446014404297"
"3","1.687071","1","2","128","128","128","42","061da3bf53818185","cpu-ikj-fp32-c3-fifo","gemm","caller","0.53945446014404297"
"4","1.537798","1","2","128","128","128","42","061da3bf53818185","cpu-ikj-fp32-c3-fifo","gemm","caller","0.53945446014404297"
"5","2.0117150000000001","1","2","128","128","128","42","061da3bf53818185","cpu-ikj-fp32-c3-fifo","gemm","caller","0.53945446014404297"
"6","1.6371089999999999","1","2","128","128","128","42","061da3bf53818185","cpu-ikj-fp32-c3-fifo","gemm","caller","0.53945446014404297"
"7","1.584084","1","2","128","128","128","42","061da3bf53818185","cpu-ikj-fp32-c3-fifo","gemm","caller","0.53945446014404297"
"8","1.5307409999999999","1","2","128","128","128","42","061da3bf53818185","cpu-ikj-fp32-c3-fifo","gemm","caller","0.53945446014404297"
"9","1.235706","1","2","128","128","128","42","061da3bf53818185","cpu-ikj-fp32-c3-fifo","gemm","caller","0.53945446014404297"
