"schema_version","timestamp","run_id","commit","source_digest","source_dirty","experiment","gpu","gpu_uuid","device","compute_capability","cuda","cuda_driver","cublas_version","compiler","cuda_compiler","cuda_architectures","build_type","kernel","m","n","k","dtype","layout","math_mode","alpha","beta","warmup","iterations","seed","input_hash","block_x","block_y","bm","bn","bk","tm","tn","atol","rtol","min_ms","max_ms","median_ms","mean_ms","std_ms","gflops","speedup_vs_naive","cublas_ratio","max_error","mean_error","relative_error","violations","nonfinite","status","threads","vector","shared_bytes","kernel_order"
"stage9-gemm-v1","2026-10-07T00:48:09Z","20261007T004627006659Z-2068-r0","25002980ecfaee9d1104ddca83da21462aa01256","92cd20a0e02ac0a9bc1941a8da9b99b118384141a4b4c3164297d2273dc222eb","0","stage9","Tesla T4","6415a317516add0fc06d571fd7f8700f","0","7.5","13000","13000","130101","GNU 13.3.0","NVIDIA 13.0.88","75","Release","sgemm_v0_naive","512","512","512","fp32","row-major","fp32_pedantic","1","0","10","50","42","3760d84e5a172613","16","16","1","1","1","1","1","0.001","0.001","0.70451200008392334","0.71270400285720825","0.70681601762771606","0.70732159972190856","0.0016338886780277934","379.78122921004098","1","14.487503800047309","8.106231689453125e-06","5.3646779773000586e-07","0.068195405803064685","0","0","ok","256","1","0","v0,v1,cublas"
"stage9-gemm-v1","2026-10-07T00:48:09Z","20261007T004627006659Z-2068-r0","25002980ecfaee9d1104ddca83da21462aa01256","92cd20a0e02ac0a9bc1941a8da9b99b118384141a4b4c3164297d2273dc222eb","0","stage9","Tesla T4","6415a317516add0fc06d571fd7f8700f","0","7.5","13000","13000","130101","GNU 13.3.0","NVIDIA 13.0.88","75","Release","sgemm_v1_tiled","512","512","512","fp32","row-major","fp32_pedantic","1","0","10","50","42","3760d84e5a172613","16","16","16","16","16","1","1","0.001","0.001","0.45657598972320557","0.46687999367713928","0.45824000239372253","0.45824704170227049","0.0015753524027843637","585.79664498464854","1.5424581309695775","22.346368033835624","8.106231689453125e-06","5.3646779773000586e-07","0.068195405803064685","0","0","ok","256","1","2048","v0,v1,cublas"
"stage9-gemm-v1","2026-10-07T00:48:09Z","20261007T004627006659Z-2068-r0","25002980ecfaee9d1104ddca83da21462aa01256","92cd20a0e02ac0a9bc1941a8da9b99b118384141a4b4c3164297d2273dc222eb","0","stage9","Tesla T4","6415a317516add0fc06d571fd7f8700f","0","7.5","13000","13000","130101","GNU 13.3.0","NVIDIA 13.0.88","75","Release","cublas","512","512","512","fp32","row-major","fp32_pedantic","1","0","10","50","42","3760d84e5a172613","0","0","0","0","0","0","0","0.001","0.001","0.09827200323343277","0.11673600226640701","0.10239999741315842","0.10277695998549462","0.0034775937590851643","2621.440066223146","6.9025003465174892","100.00000000000001","8.106231689453125e-06","5.3646779773000586e-07","0.068195405803064685","0","0","ok","0","0","0","v0,v1,cublas"
"stage9-gemm-v1","2026-10-07T00:48:09Z","20261007T004627006659Z-2068-r0","25002980ecfaee9d1104ddca83da21462aa01256","92cd20a0e02ac0a9bc1941a8da9b99b118384141a4b4c3164297d2273dc222eb","0","stage9","Tesla T4","6415a317516add0fc06d571fd7f8700f","0","7.5","13000","13000","130101","GNU 13.3.0","NVIDIA 13.0.88","75","Release","sgemm_v0_naive","1024","1024","1024","fp32","row-major","fp32_pedantic","1","0","10","50","42","67c6933e2adeaecc","16","16","1","1","1","1","1","0.001","0.001","4.1306557655334473","8.9886722564697266","6.3556959629058838","5.6851065826416018","1.1642687987040767","337.88331923576635","1","6.7721301550871509","2.1457672119140625e-05","1.0697671964242546e-06","0.16864621071309796","0","0","ok","256","1","0","v0,v1,cublas"
"stage9-gemm-v1","2026-10-07T00:48:09Z","20261007T004627006659Z-2068-r0","25002980ecfaee9d1104ddca83da21462aa01256","92cd20a0e02ac0a9bc1941a8da9b99b118384141a4b4c3164297d2273dc222eb","0","stage9","Tesla T4","6415a317516add0fc06d571fd7f8700f","0","7.5","13000","13000","130101","GNU 13.3.0","NVIDIA 13.0.88","75","Release","sgemm_v1_tiled","1024","1024","1024","fp32","row-major","fp32_pedantic","1","0","10","50","42","67c6933e2adeaecc","16","16","16","16","16","1","1","0.001","0.001","2.6181440353393555","2.693120002746582","2.6801120042800903","2.6641088008880613","0.026990313389265694","801.2663816178233","2.371429236075191","16.059627440280089","2.1457672119140625e-05","1.0697671964242546e-06","0.16864621071309796","0","0","ok","256","1","2048","v0,v1,cublas"
"stage9-gemm-v1","2026-10-07T00:48:09Z","20261007T004627006659Z-2068-r0","25002980ecfaee9d1104ddca83da21462aa01256","92cd20a0e02ac0a9bc1941a8da9b99b118384141a4b4c3164297d2273dc222eb","0","stage9","Tesla T4","6415a317516add0fc06d571fd7f8700f","0","7.5","13000","13000","130101","GNU 13.3.0","NVIDIA 13.0.88","75","Release","cublas","1024","1024","1024","fp32","row-major","fp32_pedantic","1","0","10","50","42","67c6933e2adeaecc","0","0","0","0","0","0","0","0.001","0.001","0.40697601437568665","0.44975998997688293","0.43041600286960602","0.42662335932254791","0.011024568693951905","4989.3211072139839","14.76640255132738","100","5.245208740234375e-06","5.3502814909922938e-07","0.055013082430965504","0","0","ok","0","0","0","v0,v1,cublas"
"stage9-gemm-v1","2026-10-07T00:48:09Z","20261007T004627006659Z-2068-r0","25002980ecfaee9d1104ddca83da21462aa01256","92cd20a0e02ac0a9bc1941a8da9b99b118384141a4b4c3164297d2273dc222eb","0","stage9","Tesla T4","6415a317516add0fc06d571fd7f8700f","0","7.5","13000","13000","130101","GNU 13.3.0","NVIDIA 13.0.88","75","Release","sgemm_v0_naive","2048","2048","2048","fp32","row-major","fp32_pedantic","1","0","10","50","42","451256a4b3d1d959","16","16","1","1","1","1","1","0.001","0.001","41.567840576171875","43.198463439941406","42.151744842529297","42.143047943115235","0.34583360276533914","407.57195812843912","1","10.416423261649255","4.00543212890625e-05","2.1426669565787859e-06","1.5782641631688528","0","0","ok","256","1","0","v0,v1,cublas"
"stage9-gemm-v1","2026-10-07T00:48:09Z","20261007T004627006659Z-2068-r0","25002980ecfaee9d1104ddca83da21462aa01256","92cd20a0e02ac0a9bc1941a8da9b99b118384141a4b4c3164297d2273dc222eb","0","stage9","Tesla T4","6415a317516add0fc06d571fd7f8700f","0","7.5","13000","13000","130101","GNU 13.3.0","NVIDIA 13.0.88","75","Release","sgemm_v1_tiled","2048","2048","2048","fp32","row-major","fp32_pedantic","1","0","10","50","42","451256a4b3d1d959","16","16","16","16","16","1","1","0.001","0.001","26.800832748413086","28.564512252807617","27.887487411499023","27.838085060119628","0.28643104477198411","616.04220310346477","1.5114931015674291","15.744351902989349","4.00543212890625e-05","2.1426669565787859e-06","1.5782641631688528","0","0","ok","256","1","2048","v0,v1,cublas"
"stage9-gemm-v1","2026-10-07T00:48:09Z","20261007T004627006659Z-2068-r0","25002980ecfaee9d1104ddca83da21462aa01256","92cd20a0e02ac0a9bc1941a8da9b99b118384141a4b4c3164297d2273dc222eb","0","stage9","Tesla T4","6415a317516add0fc06d571fd7f8700f","0","7.5","13000","13000","130101","GNU 13.3.0","NVIDIA 13.0.88","75","Release","cublas","2048","2048","2048","fp32","row-major","fp32_pedantic","1","0","10","50","42","451256a4b3d1d959","0","0","0","0","0","0","0","0.001","0.001","2.8856320381164551","5.2551999092102051","4.3907041549682617","4.3894323348999027","0.52345880418103841","3912.7822275523331","9.6002243273058756","100","2.6702880859375e-05","1.6044113090622693e-06","4.5969504461797204","0","0","ok","0","0","0","v0,v1,cublas"
"stage9-gemm-v1","2026-10-07T00:48:09Z","20261007T004627006659Z-2068-r0","25002980ecfaee9d1104ddca83da21462aa01256","92cd20a0e02ac0a9bc1941a8da9b99b118384141a4b4c3164297d2273dc222eb","0","stage9","Tesla T4","6415a317516add0fc06d571fd7f8700f","0","7.5","13000","13000","130101","GNU 13.3.0","NVIDIA 13.0.88","75","Release","sgemm_v0_naive","4096","4096","4096","fp32","row-major","fp32_pedantic","1","0","10","50","42","a92f5e0931254f02","16","16","1","1","1","1","1","0.001","0.001","386.33139038085938","421.12612915039062","403.8380126953125","405.10799865722657","10.528251770125218","340.33188840916489","1","9.9817645729256128","9.34600830078125e-05","4.2900193064623588e-06","6.6984208222855735","0","0","ok","256","1","0","v0,v1,cublas"
"stage9-gemm-v1","2026-10-07T00:48:09Z","20261007T004627006659Z-2068-r0","25002980ecfaee9d1104ddca83da21462aa01256","92cd20a0e02ac0a9bc1941a8da9b99b118384141a4b4c3164297d2273dc222eb","0","stage9","Tesla T4","6415a317516add0fc06d571fd7f8700f","0","7.5","13000","13000","130101","GNU 13.3.0","NVIDIA 13.0.88","75","Release","sgemm_v1_tiled","4096","4096","4096","fp32","row-major","fp32_pedantic","1","0","10","50","42","a92f5e0931254f02","16","16","16","16","16","1","1","0.001","0.001","254.27456665039062","284.07025146484375","267.71304321289062","267.20282379150393","8.652421237724413","513.38161123029727","1.5084734305387302","15.057226648151062","9.34600830078125e-05","4.2900193064623588e-06","6.6984208222855735","0","0","ok","256","1","2048","v0,v1,cublas"
"stage9-gemm-v1","2026-10-07T00:48:09Z","20261007T004627006659Z-2068-r0","25002980ecfaee9d1104ddca83da21462aa01256","92cd20a0e02ac0a9bc1941a8da9b99b118384141a4b4c3164297d2273dc222eb","0","stage9","Tesla T4","6415a317516add0fc06d571fd7f8700f","0","7.5","13000","13000","130101","GNU 13.3.0","NVIDIA 13.0.88","75","Release","cublas","4096","4096","4096","fp32","row-major","fp32_pedantic","1","0","10","50","42","a92f5e0931254f02","0","0","0","0","0","0","0","0.001","0.001","39.845920562744141","40.7608642578125","40.310159683227539","40.20667449951172","0.28428944112674115","3409.5363191822412","10.018268740903636","100","9.34600830078125e-05","4.2900193064623588e-06","6.6984208222855735","0","0","ok","0","0","0","v0,v1,cublas"
